symbol,name,last_date,last_close,daily_change_pct,last_volume,current_liquidity,avg_liquidity_60,liquidity_level,last_high_liquidity_date,sessions_since_last_high,current_cycle,current_day_in_cycle,expected_sessions_to_liquidity,expected_liquidity_date,probability_score,historical_cycle_match,liquidity_pattern_strength,pattern_status,confidence_label,status_color,average_last_3_volume,average_volume_reference,liquidity_change_percent,liquidity_window_sessions_used,liquidity_current_sessions_used,liquidity_reference_sessions_used,liquidity_score,timing_score,final_opportunity_score,final_opportunity_label,final_opportunity_color,repeat_strength,average_liquidity_lift,best_date_1,best_cycle_day_1,best_sessions_away_1,best_repeat_strength_1,best_liquidity_lift_1,best_future_score_1,best_label_1,best_date_2,best_cycle_day_2,best_sessions_away_2,best_repeat_strength_2,best_liquidity_lift_2,best_future_score_2,best_label_2,best_date_3,best_cycle_day_3,best_sessions_away_3,best_repeat_strength_3,best_liquidity_lift_3,best_future_score_3,best_label_3,old_liquidity_opportunity_score,old_opportunity_label,old_opportunity_color,sessions_ahead_forecast,forecast_horizon_label,top_forecast_probability,n_sessions
1010,Riyad Bank,2026-10-07,19.96,1.2683916793505834,1734043.0,34611498.28,53968610.520833336,طبيعية,2026-10-01,4,14,2,5.0,2026-10-14,24,5 من 13 دورة,غير واضح,لا يوجد نمط واضح,24%,red,2256593.0,2176169.5714285714,3.695641627717161,10,3,7,50,100,70.0,فرصة قوية,green,63.63636363636363,28.182426348291692,2026-10-14,7.0,5.0,58.333333333333336,62.052523119298016,59.8210092477192,فرصة جيدة,2026-10-25,14.0,12.0,66.66666666666666,49.19934235324105,59.67973694129641,فرصة جيدة,2026-10-22,13.0,11.0,33.33333333333333,83.51154655654665,53.404618622618656,تحت المراقبة,40,تحت المراقبة,yellow,,لا يوجد نمط واضح حاليًا,0.28942164819434296,197
1020,Bank Aljazira,2026-10-07,11.6,-0.2579535683577054,2413195.0,27993062.0,44990981.9335,طبيعية,2026-08-31,26,14,2,11.0,2026-10-22,19,3 من 13 دورة,غير واضح,لا يوجد نمط واضح,19%,red,2448009.6666666665,2334946.714285714,4.842206962977302,10,3,7,50,35,44.0,تحتاج مراقبة,orange,63.63636363636363,46.688997329305366,2026-10-13,6.0,4.0,33.33333333333333,204.2667074841539,60.0,فرصة جيدة,2026-10-18,9.0,7.0,33.33333333333333,123.5949946672815,60.0,فرصة جيدة,2026-10-15,8.0,6.0,50.0,71.81148098554105,58.72459239421642,فرصة جيدة,19,فرصة ضعيفة أو بعيدة,red,,لا يوجد نمط واضح حاليًا,0.1543408896310319,197
1030,Saudi Investment Bank,2026-10-07,11.75,-1.8379281537176324,738810.0,8681017.5,7134747.754999999,مرتفعة,2026-10-07,0,14,2,12.0,2026-10-25,41,5 من 13 دورة,ضعيف,يحتاج مراقبة,41%,orange,640664.0,508399.28571428574,26.015912689547992,10,3,7,85,35,65.0,فرصة قوية,green,45.45454545454545,48.86363193726307,2026-10-25,14.0,12.0,50.0,154.68256297290702,70.0,فرصة تاريخية قوية,2026-10-11,4.0,2.0,54.54545454545454,75.24436150818339,62.825017330546075,فرصة جيدة,2026-10-14,7.0,5.0,58.333333333333336,52.73217284783061,56.09286913913225,فرصة جيدة,32,تحت المراقبة,yellow,,لا يوجد نمط واضح حاليًا,0.33163228510704446,197
1050,Banque Saudi Fransi,2026-10-07,19.8,-1.9801980198019733,1696284.0,33586423.2,32214843.078166667,فوق المتوسط,2026-10-06,1,14,2,12.0,2026-10-25,32,5 من 13 دورة,ضعيف,يحتاج مراقبة,32%,orange,1931913.3333333333,1683846.2857142857,14.732167046579182,10,3,7,70,35,56.0,فرصة متوسطة,yellow,63.63636363636363,26.397425482441836,2026-10-25,14.0,12.0,58.333333333333336,84.23473941551234,68.69389576620495,فرصة جيدة,2026-10-22,13.0,11.0,58.333333333333336,63.09574309855247,60.23829723942099,فرصة جيدة,2026-10-15,8.0,6.0,75.0,35.1334954382107,59.05339817528428,فرصة جيدة,29,فرصة ضعيفة أو بعيدة,red,,لا يوجد نمط واضح حاليًا,0.1476138480210677,197
1060,Saudi Awwal Bank,2026-10-07,34.34,2.1415823914336887,2045459.0,70241062.06,53811272.98833333,مرتفعة,2026-10-07,0,14,2,14.0,2026-10-27,27,5 من 13 دورة,غير واضح,لا يوجد نمط واضح,27%,red,1684010.6666666667,902322.7142857143,86.63064112264342,10,3,7,100,35,74.0,فرصة قوية,green,63.63636363636363,45.073274743912485,2026-10-11,4.0,2.0,63.63636363636363,78.05848771890246,69.40521326937916,فرصة جيدة,2026-10-14,7.0,5.0,66.66666666666666,46.386031031855936,58.554412412742366,فرصة جيدة,2026-10-25,14.0,12.0,58.333333333333336,56.29160989993438,57.51664395997375,فرصة جيدة,15,فرصة ضعيفة أو بعيدة,red,,لا يوجد نمط واضح حاليًا,0.2687581893373332,197
1080,Arab National Bank,2026-10-07,22.92,-0.34782608695651435,1028983.0,23584290.360000003,26192865.908333335,فوق المتوسط,2026-09-15,15,14,2,5.0,2026-10-14,30,5 من 13 دورة,ضعيف,يحتاج مراقبة,30%,orange,907364.3333333334,735896.7142857143,23.300500697852854,10,3,7,85,100,91.0,فرصة قوية جدًا,fire,54.54545454545454,68.5468265817164,2026-10-14,7.0,5.0,66.66666666666666,70.0396129105249,68.01584516420995,فرصة جيدة,2026-10-08,3.0,1.0,54.54545454545454,81.80305953219016,65.4484965401488,فرصة جيدة,2026-10-11,4.0,2.0,54.54545454545454,78.36983889656882,64.07520828590025,فرصة جيدة,48,تحت المراقبة,yellow,,لا يوجد نمط واضح حاليًا,0.18290207811093911,197
1111,Saudi Tadawul Group Holding Company,2026-10-07,121.4,0.0,133495.0,16206293.0,48763381.629999995,طبيعية,2026-10-04,3,14,2,1.0,2026-10-08,28,4 من 13 دورة,غير واضح,لا يوجد نمط واضح,28%,red,156312.33333333334,348768.5714285714,-55.18164589972338,10,3,7,10,75,36.0,تحتاج مراقبة,orange,18.181818181818183,116.72215075998051,2026-10-20,11.0,9.0,58.333333333333336,91.09031348851819,71.43612539540729,فرصة تاريخية قوية,2026-10-13,6.0,4.0,50.0,110.16760190109405,70.0,فرصة تاريخية قوية,2026-10-08,3.0,1.0,45.45454545454545,91.99299742300843,64.06992624193065,فرصة جيدة,51,فرصة جيدة,orange,,لا يوجد نمط واضح حاليًا,0.23382007700496385,197
1120,Al Rajhi Bank,2026-10-07,63.2,-0.8627450980392113,3501608.0,221301625.60000002,400721602.8683332,طبيعية,2026-09-30,5,14,2,4.0,2026-10-13,34,3 من 13 دورة,ضعيف,يحتاج مراقبة,34%,orange,5514530.0,6631072.285714285,-16.838035201632763,10,3,7,10,100,46.0,تحتاج مراقبة,orange,54.54545454545454,34.71873551174385,2026-10-13,6.0,4.0,58.333333333333336,71.88784007780406,63.75513603112162,فرصة جيدة,2026-10-14,7.0,5.0,58.333333333333336,61.98487570147428,59.79395028058971,فرصة جيدة,2026-10-25,14.0,12.0,58.333333333333336,39.874661016645454,50.94986440665818,تحت المراقبة,51,فرصة جيدة,orange,,لا يوجد نمط واضح حاليًا,0.3238712551282525,197
1140,Bank Albilad,2026-10-07,23.24,-1.4836795252225579,1357434.0,31546766.159999996,29794172.44900001,فوق المتوسط,2026-10-06,1,14,2,12.0,2026-10-25,26,4 من 13 دورة,غير واضح,لا يوجد نمط واضح,26%,red,1774632.3333333333,1371585.7142857143,29.38544888953696,10,3,7,85,35,65.0,فرصة قوية,green,54.54545454545454,24.922844914382733,2026-10-25,14.0,12.0,33.33333333333333,105.79405646351165,60.0,فرصة جيدة,2026-10-13,6.0,4.0,58.333333333333336,41.80356284719772,51.721425138879084,تحت المراقبة,2026-10-15,8.0,6.0,41.66666666666667,54.16649116822022,46.66659646728809,تحت المراقبة,19,فرصة ضعيفة أو بعيدة,red,,لا يوجد نمط واضح حاليًا,0.31864882517709053,197
1150,Alinma Bank,2026-10-07,24.36,-1.3765182186234812,3163050.0,77051898.0,113160832.54716666,طبيعية,2026-09-17,13,14,2,1.0,2026-10-08,23,2 من 13 دورة,غير واضح,لا يوجد نمط واضح,23%,red,4181086.6666666665,3155841.0,32.487240854867736,10,3,7,100,75,90.0,فرصة قوية جدًا,fire,54.54545454545454,30.99361058968321,2026-10-14,7.0,5.0,41.66666666666667,90.12810753754434,61.05124301501775,فرصة جيدة,2026-10-08,3.0,1.0,45.45454545454545,43.412909501941826,44.637891073504,تحت المراقبة,2026-10-15,8.0,6.0,50.0,31.857499690461186,42.74299987618448,تحت المراقبة,48,تحت المراقبة,yellow,,لا يوجد نمط واضح حاليًا,0.475744705869183,197
1180,Saudi National Bank,2026-10-07,39.08,0.153767298821105,3230039.0,126229924.11999999,177045623.064,طبيعية,2026-10-01,4,14,2,5.0,2026-10-14,31,5 من 13 دورة,ضعيف,يحتاج مراقبة,31%,orange,5761866.666666667,8494072.57142857,-32.166029684655605,10,3,7,10,100,46.0,تحتاج مراقبة,orange,63.63636363636363,38.905720454638136,2026-10-22,13.0,11.0,58.333333333333336,132.63150986312468,75.0,فرصة تاريخية قوية,2026-10-14,7.0,5.0,58.333333333333336,86.23088017610121,69.49235207044049,فرصة جيدة,2026-10-25,14.0,12.0,58.333333333333336,62.17816823877268,59.87126729550907,فرصة جيدة,49,تحت المراقبة,yellow,5.0,متوقعة خلال 5 جلسات,0.5011906961026972,197
1182,Amlak International for Real Estate Finance Company,2026-10-07,8.37,-0.8293838862559275,135934.0,1137767.5799999998,2798380.541666667,طبيعية,2026-09-27,8,14,2,4.0,2026-10-13,22,4 من 13 دورة,غير واضح,لا يوجد نمط واضح,22%,red,166810.0,234843.0,-28.96956690214313,10,3,7,10,100,46.0,تحتاج مراقبة,orange,54.54545454545454,89.31988502003031,2026-10-14,7.0,5.0,58.333333333333336,94.88399633429528,72.95359853371812,فرصة تاريخية قوية,2026-10-18,9.0,7.0,83.33333333333334,51.863862857346405,70.74554514293857,فرصة تاريخية قوية,2026-10-11,4.0,2.0,45.45454545454545,96.35008058309568,65.81275950596554,فرصة جيدة,41,تحت المراقبة,yellow,,لا يوجد نمط واضح حاليًا,0.29731895719710444,197
1183,SHL Finance Co.,2026-10-07,13.19,0.15186028853454497,16736.0,220747.84,638343.3785000001,طبيعية,2026-10-05,2,14,2,12.0,2026-10-25,41,4 من 13 دورة,ضعيف,يحتاج مراقبة,41%,orange,31665.333333333332,25491.714285714286,24.21813997452018,10,3,7,85,35,65.0,فرصة قوية,green,45.45454545454545,183.473148007736,2026-10-15,8.0,6.0,58.333333333333336,95.6732914781576,73.26931659126305,فرصة تاريخية قوية,2026-10-22,13.0,11.0,41.66666666666667,133.22621688247395,65.0,فرصة جيدة,2026-10-25,14.0,12.0,41.66666666666667,175.38954478126306,65.0,فرصة جيدة,31,تحت المراقبة,yellow,,لا يوجد نمط واضح حاليًا,0.30451045707803376,197
1201,Takween Advanced Industries Co.,2026-10-07,3.9,-1.7632241813602085,355867.0,1387881.3,3210124.9008333334,طبيعية,2026-09-22,10,14,2,5.0,2026-10-14,26,4 من 13 دورة,غير واضح,لا يوجد نمط واضح,26%,red,306517.6666666667,361505.4285714286,-15.21077072675191,10,3,7,10,100,46.0,تحتاج مراقبة,orange,45.45454545454545,82.27840071401715,2026-10-19,10.0,8.0,33.33333333333333,183.20578485527685,60.0,فرصة جيدة,2026-10-22,13.0,11.0,33.33333333333333,158.06884419831655,60.0,فرصة جيدة,2026-10-26,15.0,13.0,33.33333333333333,158.62689575770335,60.0,فرصة جيدة,39,تحت المراقبة,yellow,,لا يوجد نمط واضح حاليًا,0.2018438967784161,197
1202,Middle East Paper Co.,2026-10-07,16.55,-0.8982035928143627,165822.0,2744354.1,10921738.204833332,طبيعية,2026-09-30,5,14,2,10.0,2026-10-21,29,4 من 13 دورة,غير واضح,لا يوجد نمط واضح,29%,red,223476.33333333334,423957.28571428574,-47.288007338564995,10,3,7,10,60,30.0,فرصة ضعيفة,red,36.36363636363637,120.16790711433346,2026-10-21,12.0,10.0,66.66666666666666,59.384487356554345,63.75379494262173,فرصة جيدة,2026-10-18,9.0,7.0,41.66666666666667,83.35918677412948,58.34367470965179,فرصة جيدة,2026-10-11,4.0,2.0,27.27272727272727,113.94408646354809,56.36363636363636,فرصة جيدة,26,فرصة ضعيفة أو بعيدة,red,,لا يوجد نمط واضح حاليًا,0.0849853910728003,197
1210,Basic Chemical Industries Co.,2026-10-07,24.0,-0.8264462809917326,14551.0,349224.0,1207771.4065,طبيعية,2026-09-10,18,14,2,1.0,2026-10-08,44,4 من 13 دورة,ضعيف,يحتاج مراقبة,44%,orange,28167.666666666668,24543.428571428572,14.766633295305498,10,3,7,70,75,72.0,فرصة قوية,green,27.27272727272727,79.7177838602076,2026-10-19,10.0,8.0,50.0,116.3899147376439,70.0,فرصة تاريخية قوية,2026-10-08,3.0,1.0,45.45454545454545,215.56856681257085,67.27272727272727,فرصة جيدة,2026-10-20,11.0,9.0,41.66666666666667,81.32965398930911,57.531861595723655,فرصة جيدة,63,فرصة جيدة,orange,5.0,متوقعة خلال 5 جلسات,0.5916290157170316,197
1211,Saudi Arabian Mining Co.,2026-10-07,63.0,-1.3312451057165253,724141.0,45620883.0,83471361.61666666,طبيعية,2026-09-17,13,14,2,2.0,2026-10-11,17,3 من 13 دورة,غير واضح,لا يوجد نمط واضح,17%,red,1106282.0,895278.7142857143,23.56844660186428,10,3,7,85,85,85.0,فرصة قوية جدًا,fire,27.27272727272727,94.03519546712035,2026-10-25,14.0,12.0,50.0,141.11964940668915,70.0,فرصة تاريخية قوية,2026-10-13,6.0,4.0,41.66666666666667,81.8020117238778,57.72080468955113,فرصة جيدة,2026-10-08,3.0,1.0,63.63636363636363,43.2217108474531,55.47050252079942,فرصة جيدة,45,تحت المراقبة,yellow,,لا يوجد نمط واضح حاليًا,0.07054432155214878,197
1212,Astra Industrial Group,2026-10-07,125.0,-0.9508716323296378,20094.0,2511750.0,7818144.931666668,طبيعية,2026-09-30,5,14,2,2.0,2026-10-11,45,4 من 13 دورة,ضعيف,متوقع متوسط المدى,45%,yellow,25431.0,30432.285714285714,-16.434144188972233,10,3,7,10,85,40.0,تحتاج مراقبة,orange,45.45454545454545,144.35314260464602,2026-10-11,4.0,2.0,54.54545454545454,165.77466592493673,72.72727272727272,فرصة تاريخية قوية,2026-10-08,3.0,1.0,36.36363636363637,101.98283573245759,61.81818181818182,فرصة جيدة,2026-10-12,5.0,3.0,33.33333333333333,245.51381488314584,60.0,فرصة جيدة,61,فرصة جيدة,orange,,لا يوجد نمط واضح حاليًا,0.25315894035411657,197
1213,Naseej International Trading Co.,2026-10-07,12.83,0.6274509803921574,1129941.0,14497143.03,14399282.601833332,طبيعية,2026-10-01,4,14,2,4.0,2026-10-13,38,3 من 13 دورة,ضعيف,يحتاج مراقبة,38%,orange,1166091.3333333333,2039004.142857143,-42.81074232152592,10,3,7,10,100,46.0,تحتاج مراقبة,orange,36.36363636363637,109.09950002450749,2026-10-20,11.0,9.0,50.0,157.10361756003812,70.0,فرصة تاريخية قوية,2026-10-14,7.0,5.0,41.66666666666667,116.79042534875232,65.0,فرصة جيدة,2026-10-15,8.0,6.0,58.333333333333336,70.0195832210498,63.00783328841992,فرصة جيدة,52,فرصة جيدة,orange,,لا يوجد نمط واضح حاليًا,0.20529357778637833,197
1214,Al Hassan Ghazi Ibrahim Shaker Co.,2026-10-07,10.45,-1.041666666666678,334448.0,3494981.5999999996,14357940.789000003,طبيعية,2026-08-20,33,14,2,1.0,2026-10-08,27,3 من 13 دورة,غير واضح,لا يوجد نمط واضح,27%,red,348316.0,285551.14285714284,21.980250723162943,10,3,7,85,75,81.0,فرصة قوية جدًا,fire,27.27272727272727,193.6835345213366,2026-10-26,15.0,13.0,50.0,125.19809684562854,70.0,فرصة تاريخية قوية,2026-10-08,3.0,1.0,36.36363636363637,95.98504014418549,60.21219787585602,فرصة جيدة,2026-10-12,5.0,3.0,33.33333333333333,108.23742733348178,60.0,فرصة جيدة,50,فرصة جيدة,orange,,لا يوجد نمط واضح حاليًا,0.014690587863732875,197
1301,United Wire Factories Co.,2026-10-07,16.75,-0.4753416518122299,18272.0,306056.0,1721344.1860000002,طبيعية,2026-08-25,30,14,2,2.0,2026-10-11,40,3 من 13 دورة,ضعيف,يحتاج مراقبة,40%,orange,28245.666666666668,32381.285714285714,-12.771633233187297,10,3,7,25,85,49.0,تحتاج مراقبة,orange,72.72727272727273,92.04914518101774,2026-10-08,3.0,1.0,45.45454545454545,207.99409794535322,67.27272727272727,فرصة جيدة,2026-10-11,4.0,2.0,45.45454545454545,124.71654706320655,67.27272727272727,فرصة جيدة,2026-10-21,12.0,10.0,25.0,157.18060592655183,55.0,فرصة جيدة,58,فرصة جيدة,orange,,لا يوجد نمط واضح حاليًا,0.10866801326711276,197
1302,Bawan Co.,2026-10-07,34.1,-1.102088167053351,161377.0,5502955.7,9477184.539,طبيعية,2026-10-05,2,14,2,2.0,2026-10-11,44,3 من 13 دورة,ضعيف,يحتاج مراقبة,44%,orange,214579.33333333334,158017.85714285713,35.79435717783554,10,3,7,100,85,94.0,فرصة قوية جدًا,fire,54.54545454545454,63.139738497657454,2026-10-13,6.0,4.0,50.0,196.60585830717332,70.0,فرصة تاريخية قوية,2026-10-11,4.0,2.0,36.36363636363637,198.70387333503623,61.81818181818182,فرصة جيدة,2026-10-12,5.0,3.0,33.33333333333333,123.4002566644378,60.0,فرصة جيدة,60,فرصة جيدة,orange,,لا يوجد نمط واضح حاليًا,0.15863202602433518,197
1303,Electrical Industries Co.,2026-10-07,13.77,-3.0281690140845052,2819667.0,38826814.589999996,47130832.88650001,فوق المتوسط,2026-09-30,5,14,2,6.0,2026-10-15,33,5 من 13 دورة,ضعيف,يحتاج مراقبة,33%,orange,2469988.3333333335,2884550.285714286,-14.371805353301259,10,3,7,25,90,51.0,فرصة متوسطة,yellow,72.72727272727273,41.807037159434685,2026-10-15,8.0,6.0,58.333333333333336,91.83353254593047,71.73341301837219,فرصة تاريخية قوية,2026-10-25,14.0,12.0,33.33333333333333,117.50291413356643,60.0,فرصة جيدة,2026-10-18,9.0,7.0,33.33333333333333,95.53536001640927,58.2141440065637,فرصة جيدة,46,تحت المراقبة,yellow,,لا يوجد نمط واضح حاليًا,0.3221157314077984,197
1304,Al Yamamah Steel Industries Co.,2026-10-07,34.86,-0.22896393817973182,60992.0,2126181.12,9178756.969333332,طبيعية,2026-10-06,1,14,2,5.0,2026-10-14,29,4 من 13 دورة,غير واضح,لا يوجد نمط واضح,29%,red,179326.33333333334,151652.85714285713,18.247909542784125,10,3,7,70,100,82.0,فرصة قوية جدًا,fire,45.45454545454545,56.00646934991869,2026-10-14,7.0,5.0,50.0,89.48673668160662,65.79469467264265,فرصة جيدة,2026-10-25,14.0,12.0,33.33333333333333,152.25420618405502,60.0,فرصة جيدة,2026-10-26,15.0,13.0,41.66666666666667,81.76401276043953,57.70560510417582,فرصة جيدة,40,تحت المراقبة,yellow,,لا يوجد نمط واضح حاليًا,0.12495927120477784,197
1320,Saudi Steel Pipe Co.,2026-10-07,55.3,1.3748854262144823,215245.0,11903048.5,14024126.593666667,طبيعية,2026-09-15,15,14,2,15.0,2026-10-28,31,4 من 13 دورة,ضعيف,يحتاج مراقبة,31%,orange,276980.0,250889.0,10.399419663675967,10,3,7,70,35,56.0,فرصة متوسطة,yellow,54.54545454545454,85.92255253245209,2026-10-22,13.0,11.0,50.0,130.9128641624229,70.0,فرصة تاريخية قوية,2026-10-13,6.0,4.0,41.66666666666667,101.21507467989406,65.0,فرصة جيدة,2026-10-08,3.0,1.0,54.54545454545454,75.22814222225357,62.818529616174146,فرصة جيدة,19,فرصة ضعيفة أو بعيدة,red,,لا يوجد نمط واضح حاليًا,0.46187010640693676,197
1321,East Pipes Integrated Company for Industry,2026-10-07,182.9,1.3296398891966792,184547.0,33753646.300000004,41144395.05166666,طبيعية,2026-10-05,2,14,2,5.0,2026-10-14,38,4 من 13 دورة,ضعيف,يحتاج مراقبة,38%,orange,302010.6666666667,260500.2857142857,15.934869644599603,10,3,7,70,100,82.0,فرصة قوية جدًا,fire,54.54545454545454,249.73149814850356,2026-10-14,7.0,5.0,50.0,113.7455144582234,70.0,فرصة تاريخية قوية,2026-10-22,13.0,11.0,41.66666666666667,128.03102868734572,65.0,فرصة جيدة,2026-10-15,8.0,6.0,41.66666666666667,97.51535342326979,64.00614136930793,فرصة جيدة,50,فرصة جيدة,orange,,لا يوجد نمط واضح حاليًا,0.2763819111967548,197
1322,Al Masane Al Kobra Mining Co.,2026-10-07,68.5,-2.6988636363636442,214623.0,14701675.5,23118011.366666667,طبيعية,2026-09-09,19,14,2,11.0,2026-10-22,33,5 من 13 دورة,ضعيف,يحتاج مراقبة,33%,orange,252713.66666666666,245945.42857142858,2.75192677276066,10,3,7,50,35,44.0,تحتاج مراقبة,orange,36.36363636363637,101.92099129679174,2026-10-20,11.0,9.0,58.333333333333336,141.21813947670574,75.0,فرصة تاريخية قوية,2026-10-22,13.0,11.0,58.333333333333336,93.97862068384552,72.59144827353822,فرصة تاريخية قوية,2026-10-15,8.0,6.0,66.66666666666666,58.95853512948637,63.58341405179454,فرصة جيدة,32,تحت المراقبة,yellow,,لا يوجد نمط واضح حاليًا,0.20692264631729243,197
1323,United Carton Industries Company,2026-10-07,24.64,-0.8051529790660197,43050.0,1060752.0,3749957.9965000004,طبيعية,2026-09-22,10,14,2,9.0,2026-10-20,34,4 من 13 دورة,ضعيف,يحتاج مراقبة,34%,orange,48498.0,48166.57142857143,0.6880883600363097,10,3,7,50,60,54.0,فرصة متوسطة,yellow,45.45454545454545,27.472586643671853,2026-10-20,11.0,9.0,58.333333333333336,85.99880895554345,69.39952358221738,فرصة جيدة,2026-10-08,3.0,1.0,54.54545454545454,85.18879712872673,66.80279157876342,فرصة جيدة,2026-10-21,12.0,10.0,50.0,81.2976913601647,62.51907654406588,فرصة جيدة,37,تحت المراقبة,yellow,,لا يوجد نمط واضح حاليًا,0.12721291680550792,197
1324,Saleh Abdulaziz Al Rashed & Sons Co.,2026-10-07,43.02,1.991465149359894,292284.0,12574057.680000002,7709231.382333334,مرتفعة,2026-10-07,0,10,5,14.0,2026-10-27,28,4 من 9 دورة,غير واضح,لا يوجد نمط واضح,28%,red,185870.66666666666,68417.14285714286,171.67265235669143,10,3,7,100,35,74.0,فرصة قوية,green,12.5,76.75632988303232,2026-10-14,10.0,5.0,37.5,151.8752381959138,62.5,فرصة جيدة,2026-10-11,7.0,2.0,25.0,108.53340473521612,55.0,فرصة جيدة,2026-10-12,8.0,3.0,25.0,284.2313690626603,55.0,فرصة جيدة,16,فرصة ضعيفة أو بعيدة,red,,لا يوجد نمط واضح حاليًا,0.16277234501415175,140
1325,Watani Iron Steel Co.,2026-10-07,2.2,10.000000000000009,239544.0,526996.8,212998.02666666667,استثنائية,2026-10-07,0,13,1,8.0,2026-10-19,42,4 من 12 دورة,ضعيف,يحتاج مراقبة,42%,orange,95690.33333333333,43363.57142857143,120.66986223898706,10,3,7,100,60,84.0,فرصة قوية جدًا,fire,30.0,52.76025982620508,2026-10-25,13.0,12.0,45.45454545454545,189.51073283384608,67.27272727272727,فرصة جيدة,2026-10-11,3.0,2.0,40.0,103.35059298075318,64.0,فرصة جيدة,2026-10-13,5.0,4.0,36.36363636363637,105.38842352695342,61.81818181818182,فرصة جيدة,43,تحت المراقبة,yellow,,لا يوجد نمط واضح حاليًا,0.4539931701768715,181
1810,Seera Holding Group,2026-10-07,19.92,-1.968503937007867,383464.0,7638602.880000001,21574249.586499996,طبيعية,2026-09-01,25,14,2,4.0,2026-10-13,37,5 من 13 دورة,ضعيف,يحتاج مراقبة,37%,orange,398106.6666666667,410644.0,-3.0530905926625773,10,3,7,40,100,64.0,فرصة متوسطة,yellow,27.27272727272727,15.486608908582184,2026-10-13,6.0,4.0,66.66666666666666,95.53725667364805,78.2149026694592,فرصة تاريخية قوية,2026-10-25,14.0,12.0,41.66666666666667,95.78683174635417,63.314732698541675,فرصة جيدة,2026-10-20,11.0,9.0,50.0,71.28628289970159,58.514513159880636,فرصة جيدة,53,فرصة جيدة,orange,,لا يوجد نمط واضح حاليًا,0.039769604778258805,197
1820,بان,2026-10-07,1.85,1.0928961748633887,6049415.0,11191417.75,6588137.6135,استثنائية,2026-10-07,0,15,5,7.0,2026-10-18,38,5 من 14 دورة,ضعيف,يحتاج مراقبة,38%,orange,3140982.0,1991648.5714285714,57.707642053890766,10,3,7,100,80,92.0,فرصة قوية جدًا,fire,46.15384615384615,65.25013481037402,2026-10-18,12.0,7.0,46.15384615384615,129.41280324143185,67.6923076923077,فرصة جيدة,2026-10-15,11.0,6.0,46.15384615384615,96.69114194984263,66.36876447224475,فرصة جيدة,2026-10-08,6.0,1.0,38.46153846153847,106.73224182204595,63.07692307692308,فرصة جيدة,45,تحت المراقبة,yellow,,لا يوجد نمط واضح حاليًا,0.28758831083848924,215
1830,Leejam Sports Co.,2026-10-07,78.25,0.3205128205128205,74136.0,5801142.0,9939160.938333333,فوق المتوسط,2026-09-10,18,14,2,3.0,2026-10-12,23,3 من 13 دورة,غير واضح,لا يوجد نمط واضح,23%,red,71398.33333333333,69751.42857142857,2.3611054219746297,10,3,7,50,95,68.0,فرصة قوية,green,27.27272727272727,47.465780574377995,2026-10-21,12.0,10.0,50.0,264.2150714235796,70.0,فرصة تاريخية قوية,2026-10-25,14.0,12.0,50.0,123.44656266411157,70.0,فرصة تاريخية قوية,2026-10-22,13.0,11.0,50.0,91.36744414683206,66.54697765873283,فرصة جيدة,43,تحت المراقبة,yellow,,لا يوجد نمط واضح حاليًا,0.31059319525815515,197
1831,Maharah Human Resources Co.,2026-10-07,4.02,-0.7407407407407469,2327483.0,9356481.659999998,20629795.933000006,طبيعية,2026-10-05,2,14,2,4.0,2026-10-13,44,4 من 13 دورة,ضعيف,يحتاج مراقبة,44%,orange,4086750.6666666665,3249709.4285714286,25.757417901304525,10,3,7,85,100,91.0,فرصة قوية جدًا,fire,45.45454545454545,77.10878985969295,2026-10-13,6.0,4.0,41.66666666666667,198.48671993539944,65.0,فرصة جيدة,2026-10-18,9.0,7.0,33.33333333333333,124.02891200748354,60.0,فرصة جيدة,2026-10-21,12.0,10.0,33.33333333333333,201.55000820529952,60.0,فرصة جيدة,55,فرصة جيدة,orange,,لا يوجد نمط واضح حاليًا,0.1511035241418252,197
1832,Sadr Logistics Co.,2026-10-07,2.44,3.8297872340425467,13862135.0,33823609.4,3515740.915,استثنائية,2026-10-07,0,14,2,2.0,2026-10-11,23,2 من 13 دورة,غير واضح,لا يوجد نمط واضح,23%,red,5097886.666666667,602923.5714285715,745.5278427061157,10,3,7,100,85,94.0,فرصة قوية جدًا,fire,36.36363636363637,95.83791365575215,2026-10-14,7.0,5.0,41.66666666666667,187.04675428588175,65.0,فرصة جيدة,2026-10-13,6.0,4.0,50.0,81.07911242798545,62.43164497119418,فرصة جيدة,2026-10-15,8.0,6.0,33.33333333333333,99.76384919827558,59.90553967931024,فرصة جيدة,46,تحت المراقبة,yellow,1.0,متوقعة خلال جلسة واحدة,0.731469125593687,197
1833,Almawarid Manpower Company,2026-10-07,95.3,-0.6256517205422404,47551.0,4531610.3,7299605.065,طبيعية,2026-09-30,5,14,2,5.0,2026-10-14,30,3 من 13 دورة,ضعيف,يحتاج مراقبة,30%,orange,53491.666666666664,55369.71428571428,-3.391831876459883,10,3,7,40,100,64.0,فرصة متوسطة,yellow,36.36363636363637,79.11383504857533,2026-10-14,7.0,5.0,41.66666666666667,89.26804560937998,60.707218243751996,فرصة جيدة,2026-10-22,13.0,11.0,41.66666666666667,79.65915422372008,56.86366168948804,فرصة جيدة,2026-10-13,6.0,4.0,25.0,325.9766245829929,55.0,فرصة جيدة,47,تحت المراقبة,yellow,,لا يوجد نمط واضح حاليًا,0.03915050093316235,197
1834,Saudi Manpower Solutions Company,2026-10-07,5.51,0.3642987249544549,862617.0,4753019.67,9670253.112833334,طبيعية,2026-09-29,6,14,2,15.0,2026-10-28,28,4 من 13 دورة,غير واضح,لا يوجد نمط واضح,28%,red,1117484.0,1415084.4285714286,-21.03057757987383,10,3,7,10,35,20.0,فرصة ضعيفة,red,72.72727272727273,56.85892536307412,2026-10-12,5.0,3.0,41.66666666666667,135.11443191269595,65.0,فرصة جيدة,2026-10-13,6.0,4.0,41.66666666666667,132.46816402318262,65.0,فرصة جيدة,2026-10-21,12.0,10.0,41.66666666666667,164.97688197372642,65.0,فرصة جيدة,11,فرصة ضعيفة أو بعيدة,red,,لا يوجد نمط واضح حاليًا,0.1037262699845316,197
1835,Tamkeen Human Resources Company,2026-10-07,43.04,-0.9208103130755032,18406.0,792194.24,2938468.572333334,طبيعية,2026-09-02,24,14,2,7.0,2026-10-18,36,3 من 13 دورة,ضعيف,يحتاج مراقبة,36%,orange,22773.666666666668,21869.85714285714,4.132672279959171,10,3,7,50,80,62.0,فرصة متوسطة,yellow,54.54545454545454,34.21440072808139,2026-10-13,6.0,4.0,50.0,89.8671593471643,65.94686373886572,فرصة جيدة,2026-10-18,9.0,7.0,41.66666666666667,101.45304676953313,65.0,فرصة جيدة,2026-10-26,15.0,13.0,25.0,141.30923602241018,55.0,فرصة جيدة,43,تحت المراقبة,yellow,,لا يوجد نمط واضح حاليًا,0.12768992164308748,197
2001,Methanol Chemicals Co.,2026-10-07,25.84,-2.3431594860166327,104512.0,2700590.08,6931852.245949817,طبيعية,2026-09-24,9,14,2,14.0,2026-10-27,26,5 من 13 دورة,غير واضح,لا يوجد نمط واضح,26%,red,118324.66666666667,246812.14285714287,-52.05881473378153,10,3,7,10,35,20.0,فرصة ضعيفة,red,45.45454545454545,123.20816125164711,2026-10-21,12.0,10.0,58.333333333333336,112.41664705693368,75.0,فرصة تاريخية قوية,2026-10-25,14.0,12.0,50.0,101.35447939883962,70.0,فرصة تاريخية قوية,2026-10-22,13.0,11.0,41.66666666666667,118.17172492955908,65.0,فرصة جيدة,15,فرصة ضعيفة أو بعيدة,red,,لا يوجد نمط واضح حاليًا,0.4827411396831249,197
2010,Saudi Basic Industries Corp.,2026-10-07,46.56,-0.17152658662092257,704820.0,32816419.200000003,69945690.81833333,طبيعية,2026-09-17,13,14,2,5.0,2026-10-14,24,3 من 13 دورة,غير واضح,لا يوجد نمط واضح,24%,red,965964.6666666666,1152517.857142857,-16.186577007896787,10,3,7,10,100,46.0,تحتاج مراقبة,orange,36.36363636363637,41.43324083398477,2026-10-15,8.0,6.0,58.333333333333336,51.142559159983726,55.457023663993496,فرصة جيدة,2026-10-11,4.0,2.0,72.72727272727273,27.899090426489117,54.79599980695929,تحت المراقبة,2026-10-25,14.0,12.0,41.66666666666667,63.004282804434524,50.201713121773814,تحت المراقبة,38,تحت المراقبة,yellow,,لا يوجد نمط واضح حاليًا,0.16582661285497718,197
2020,SABIC Agri-Nutrients Co.,2026-10-07,118.9,-0.8340283569641368,275801.0,32792738.900000002,59981596.15166666,طبيعية,2026-10-01,4,14,2,4.0,2026-10-13,22,3 من 13 دورة,غير واضح,لا يوجد نمط واضح,22%,red,287697.3333333333,394654.28571428574,-27.10142934020614,10,3,7,10,100,46.0,تحتاج مراقبة,orange,45.45454545454545,56.42913615114428,2026-10-19,10.0,8.0,41.66666666666667,91.9951748857372,61.79806995429489,فرصة جيدة,2026-10-15,8.0,6.0,58.333333333333336,59.04291509708292,58.61716603883317,فرصة جيدة,2026-10-11,4.0,2.0,63.63636363636363,45.739490223888644,56.47761427137364,فرصة جيدة,40,تحت المراقبة,yellow,,لا يوجد نمط واضح حاليًا,0.23414388126280866,197
2030,Saudi Arabia Refineries Co.,2026-10-07,55.15,-0.6306306306306332,154378.0,8513946.7,13258046.627166668,طبيعية,2026-09-16,14,14,2,5.0,2026-10-14,46,4 من 13 دورة,ضعيف,متوقع متوسط المدى,46%,yellow,313563.6666666667,129797.71428571429,141.5787276318609,10,3,7,100,100,100.0,فرصة قوية جدًا,fire,36.36363636363637,96.14589459332248,2026-10-20,11.0,9.0,66.66666666666666,105.0848042879611,80.0,فرصة تاريخية قوية,2026-10-19,10.0,8.0,50.0,136.61164962957017,70.0,فرصة تاريخية قوية,2026-10-13,6.0,4.0,50.0,96.37435530260399,68.54974212104159,فرصة جيدة,52,فرصة جيدة,orange,,لا يوجد نمط واضح حاليًا,0.1376161536518613,197
2040,Saudi Ceramic Co.,2026-10-07,22.3,0.1347103726987029,103692.0,2312331.6,4559490.9070000015,طبيعية,2026-08-24,31,14,2,10.0,2026-10-21,22,3 من 13 دورة,غير واضح,لا يوجد نمط واضح,22%,red,135675.33333333334,169024.57142857142,-19.730408314823755,10,3,7,10,60,30.0,فرصة ضعيفة,red,81.81818181818183,29.868131333964836,2026-10-25,14.0,12.0,25.0,139.1964950903407,55.0,فرصة جيدة,2026-10-21,12.0,10.0,58.333333333333336,46.65046162986081,53.66018465194432,تحت المراقبة,2026-10-12,5.0,3.0,25.0,92.90155130675485,52.16062052270194,تحت المراقبة,23,فرصة ضعيفة أو بعيدة,red,,لا يوجد نمط واضح حاليًا,0.039561643263778895,197
2050,Savola Group,2026-10-07,24.72,0.5695687550854377,944601.0,23350536.72,18562780.434833333,مرتفعة,2026-10-07,0,14,2,9.0,2026-10-20,31,4 من 13 دورة,ضعيف,يحتاج مراقبة,31%,orange,652320.6666666666,466582.0,39.808365231977795,10,3,7,100,60,84.0,فرصة قوية جدًا,fire,54.54545454545454,45.928553619241875,2026-10-08,3.0,1.0,45.45454545454545,134.1351935793044,67.27272727272727,فرصة جيدة,2026-10-20,11.0,9.0,41.66666666666667,107.80689484326906,65.0,فرصة جيدة,2026-10-11,4.0,2.0,27.27272727272727,180.8147228622944,56.36363636363636,فرصة جيدة,37,تحت المراقبة,yellow,,لا يوجد نمط واضح حاليًا,0.25425044655967244,197
2060,National Industrialization Co.,2026-10-07,7.81,-0.509554140127389,1148712.0,8971440.719999999,9428478.983000001,فوق المتوسط,2026-10-06,1,14,2,3.0,2026-10-12,25,3 من 13 دورة,غير واضح,لا يوجد نمط واضح,25%,red,1313809.6666666667,889140.4285714285,47.761773556686585,10,3,7,100,95,98.0,فرصة قوية جدًا,fire,45.45454545454545,20.218905026753465,2026-10-20,11.0,9.0,66.66666666666666,54.15739170956991,61.66295668382796,فرصة جيدة,2026-10-26,15.0,13.0,66.66666666666666,53.67343642350407,61.46937456940162,فرصة جيدة,2026-10-19,10.0,8.0,33.33333333333333,107.64614383319213,60.0,فرصة جيدة,44,تحت المراقبة,yellow,,لا يوجد نمط واضح حاليًا,0.14574558245208916,197
2070,Saudi Pharmaceutical Industries & Medical Appliances Corp.,2026-10-07,31.22,0.8397932816537403,223046.0,6963496.12,22253960.636666663,طبيعية,2026-09-17,13,14,2,2.0,2026-10-11,22,4 من 13 دورة,غير واضح,لا يوجد نمط واضح,22%,red,148311.66666666666,274865.0,-46.04199637397753,10,3,7,10,85,40.0,تحتاج مراقبة,orange,36.36363636363637,74.93845177993859,2026-10-14,7.0,5.0,41.66666666666667,238.87603167539268,65.0,فرصة جيدة,2026-10-08,3.0,1.0,36.36363636363637,152.04607181648726,61.81818181818182,فرصة جيدة,2026-10-13,6.0,4.0,33.33333333333333,106.88704180600497,60.0,فرصة جيدة,47,تحت المراقبة,yellow,,لا يوجد نمط واضح حاليًا,0.1290614674375169,197
2080,National Gas & Industrialization Co.,2026-10-07,58.45,0.5159071367153986,80977.0,4733105.65,16476624.52416667,طبيعية,2026-09-14,16,14,2,14.0,2026-10-27,39,6 من 13 دورة,ضعيف,يحتاج مراقبة,39%,orange,117725.66666666667,128535.57142857143,-8.410049172973055,10,3,7,25,35,29.0,فرصة ضعيفة,red,45.45454545454545,118.39099655165323,2026-10-15,8.0,6.0,50.0,114.44602881554029,70.0,فرصة تاريخية قوية,2026-10-08,3.0,1.0,54.54545454545454,78.72025049263179,64.21537292432544,فرصة جيدة,2026-10-18,9.0,7.0,41.66666666666667,96.9626042527395,63.78504170109581,فرصة جيدة,26,فرصة ضعيفة أو بعيدة,red,,لا يوجد نمط واضح حاليًا,0.09111194258655642,197
2081,Alkhorayef Water & Power Technologies,2026-10-07,89.4,-2.5081788440567037,652750.0,58355850.0,13518319.790833332,استثنائية,2026-10-07,0,14,2,4.0,2026-10-13,26,4 من 13 دورة,غير واضح,لا يوجد نمط واضح,26%,red,346478.6666666667,128412.57142857143,169.81678103019138,10,3,7,100,100,100.0,فرصة قوية جدًا,fire,36.36363636363637,53.16165227028792,2026-10-22,13.0,11.0,50.0,93.7311340565202,67.49245362260808,فرصة جيدة,2026-10-25,14.0,12.0,41.66666666666667,92.4829377389334,61.99317509557336,فرصة جيدة,2026-10-15,8.0,6.0,33.33333333333333,102.31867835592911,60.0,فرصة جيدة,42,تحت المراقبة,yellow,1.0,متوقعة خلال جلسة واحدة,0.7248244473654276,197
2082,ACWA Power,2026-10-07,171.1,-2.5071225071225105,212281.0,36321279.1,53675155.83333333,طبيعية,2026-09-17,13,14,2,1.0,2026-10-08,22,3 من 13 دورة,غير واضح,لا يوجد نمط واضح,22%,red,295524.6666666667,239139.0,23.578616062903457,10,3,7,85,75,81.0,فرصة قوية جدًا,fire,54.54545454545454,36.99608775657696,2026-10-13,6.0,4.0,66.66666666666666,83.867961382266,73.5471845529064,فرصة تاريخية قوية,2026-10-11,4.0,2.0,72.72727272727273,60.977018605230256,68.02717107845575,فرصة جيدة,2026-10-12,5.0,3.0,41.66666666666667,97.40580447729295,63.96232179091719,فرصة جيدة,49,تحت المراقبة,yellow,,لا يوجد نمط واضح حاليًا,0.12717849929660013,197
2083,Power and Water Utility Company for Jubail and Yanbu (Marafiq),2026-10-07,42.0,-0.42674253200568923,138541.0,5818722.0,22694958.419999998,طبيعية,2026-08-25,30,14,2,2.0,2026-10-11,35,5 من 13 دورة,ضعيف,يحتاج مراقبة,35%,orange,144029.33333333334,186479.42857142858,-22.763956090650105,10,3,7,10,85,40.0,تحتاج مراقبة,orange,45.45454545454545,76.66286097277467,2026-10-08,3.0,1.0,54.54545454545454,222.28569964142227,72.72727272727272,فرصة تاريخية قوية,2026-10-11,4.0,2.0,54.54545454545454,106.4258825006501,72.72727272727272,فرصة تاريخية قوية,2026-10-15,8.0,6.0,41.66666666666667,88.6688540968385,60.46754163873541,فرصة جيدة,58,فرصة جيدة,orange,,لا يوجد نمط واضح حاليًا,0.17359771982578778,197
2084,مياهنا,2026-10-07,9.91,-0.10080645161290108,509214.0,5046310.74,18283973.635333337,طبيعية,2026-09-16,14,14,15,4.0,2026-10-13,28,4 من 13 دورة,غير واضح,لا يوجد نمط واضح,28%,red,740446.0,869603.7142857143,-14.85247960236732,10,3,7,25,100,55.0,فرصة متوسطة,yellow,41.66666666666667,57.20358189740519,,,,,,,بيانات غير كافية,,,,,,,بيانات غير كافية,,,,,,,بيانات غير كافية,43,تحت المراقبة,yellow,,لا يوجد نمط واضح حاليًا,0.2882504134660532,210
2090,National Gypsum Co.,2026-10-07,11.68,5.5103884372177,820779.0,9586698.72,1836258.8604999997,استثنائية,2026-10-07,0,13,8,6.0,2026-10-15,42,4 من 12 دورة,ضعيف,يحتاج مراقبة,42%,orange,402358.6666666667,182352.7142857143,120.6485756149712,10,3,7,100,90,96.0,فرصة قوية جدًا,fire,18.181818181818183,25.703278000428,2026-10-15,14.0,6.0,45.45454545454545,270.9442018638127,67.27272727272727,فرصة جيدة,2026-10-11,10.0,2.0,36.36363636363637,156.32547295224452,61.81818181818182,فرصة جيدة,2026-10-12,11.0,3.0,36.36363636363637,63.82541126973489,47.34834632607578,تحت المراقبة,49,تحت المراقبة,yellow,,لا يوجد نمط واضح حاليًا,0.4809893927161882,188
2100,Wafrah for Industry & Development,2026-10-07,20.68,0.927281600780875,101984.0,2109029.12,4502496.126,طبيعية,2026-09-08,20,14,2,10.0,2026-10-21,44,5 من 13 دورة,ضعيف,يحتاج مراقبة,44%,orange,145177.33333333334,68035.85714285714,113.3835589496575,10,3,7,100,60,84.0,فرصة قوية جدًا,fire,36.36363636363637,136.7523005796528,2026-10-21,12.0,10.0,66.66666666666666,119.7750903778314,80.0,فرصة تاريخية قوية,2026-10-13,6.0,4.0,50.0,111.28110338056483,70.0,فرصة تاريخية قوية,2026-10-20,11.0,9.0,50.0,144.8797808914254,70.0,فرصة تاريخية قوية,38,تحت المراقبة,yellow,,لا يوجد نمط واضح حاليًا,0.17193366407276786,197
2110,Saudi Cable Co.,2026-10-07,181.4,0.8898776418242459,11949.0,2167548.6,4547651.35,طبيعية,2026-09-29,6,14,2,4.0,2026-10-13,42,4 من 13 دورة,ضعيف,يحتاج مراقبة,42%,orange,9700.333333333334,15656.857142857143,-38.044185721150626,10,3,7,10,100,46.0,تحتاج مراقبة,orange,27.27272727272727,161.3689759538187,2026-10-13,6.0,4.0,50.0,122.73551369220513,70.0,فرصة تاريخية قوية,2026-10-15,8.0,6.0,33.33333333333333,250.39818467302484,60.0,فرصة جيدة,2026-10-18,9.0,7.0,33.33333333333333,148.782971957365,60.0,فرصة جيدة,54,فرصة جيدة,orange,,لا يوجد نمط واضح حاليًا,0.1988933202411218,197
2120,Saudi Advanced Industries Co.,2026-10-07,14.85,1.1580381471389642,117255.0,1741236.75,5058027.714166668,طبيعية,2026-09-03,23,14,2,7.0,2026-10-18,33,5 من 13 دورة,ضعيف,يحتاج مراقبة,33%,orange,121120.0,123893.71428571429,-2.2387853182912587,10,3,7,40,80,56.0,فرصة متوسطة,yellow,54.54545454545454,29.01850905567781,2026-10-14,7.0,5.0,58.333333333333336,112.05368674979243,75.0,فرصة تاريخية قوية,2026-10-18,9.0,7.0,58.333333333333336,90.0951409547146,71.03805638188584,فرصة تاريخية قوية,2026-10-11,4.0,2.0,27.27272727272727,123.9875062636429,56.36363636363636,فرصة جيدة,44,تحت المراقبة,yellow,,لا يوجد نمط واضح حاليًا,0.1324218369696516,197
2130,Saudi Industrial Development Co.,2026-10-07,15.17,0.4635761589403992,616277.0,9348922.09,6225658.697666666,فوق المتوسط,2026-10-01,4,14,2,3.0,2026-10-12,24,3 من 13 دورة,غير واضح,لا يوجد نمط واضح,24%,red,589280.3333333334,458419.0,28.546228086823056,10,3,7,85,95,89.0,فرصة قوية جدًا,fire,36.36363636363637,96.7147807254335,2026-10-26,15.0,13.0,50.0,77.07700059794762,60.83080023917905,فرصة جيدة,2026-10-14,7.0,5.0,33.33333333333333,107.38632798904455,60.0,فرصة جيدة,2026-10-08,3.0,1.0,27.27272727272727,103.1387836154815,56.36363636363636,فرصة جيدة,44,تحت المراقبة,yellow,,لا يوجد نمط واضح حاليًا,0.36026321767465397,197
2140,AYYAN Investment Company,2026-10-07,8.81,-0.3393665158370968,111409.0,981513.29,3993761.0818333337,طبيعية,2026-09-27,8,14,2,10.0,2026-10-21,44,4 من 13 دورة,ضعيف,يحتاج مراقبة,44%,orange,230557.66666666666,322780.71428571426,-28.571424356355745,10,3,7,10,60,30.0,فرصة ضعيفة,red,27.27272727272727,113.27713042509794,2026-10-21,12.0,10.0,41.66666666666667,214.90204012407577,65.0,فرصة جيدة,2026-10-08,3.0,1.0,36.36363636363637,130.60356104724127,61.81818181818182,فرصة جيدة,2026-10-14,7.0,5.0,50.0,69.19994926381102,57.67997970552441,فرصة جيدة,38,تحت المراقبة,yellow,,لا يوجد نمط واضح حاليًا,0.18145326891243194,197
2150,National Co. for Glass Industries,2026-10-07,35.48,-0.05633802816902289,142736.0,5064273.279999999,5586809.0726666665,مرتفعة,2026-10-07,0,14,2,14.0,2026-10-27,34,4 من 13 دورة,ضعيف,يحتاج مراقبة,34%,orange,89182.66666666667,82893.85714285714,7.586580888583283,10,3,7,60,35,50.0,فرصة متوسطة,yellow,45.45454545454545,92.89683399588246,2026-10-25,14.0,12.0,33.33333333333333,221.97736734829041,60.0,فرصة جيدة,2026-10-26,15.0,13.0,33.33333333333333,278.6945570370841,60.0,فرصة جيدة,2026-10-08,3.0,1.0,27.27272727272727,98.51484368512314,55.76957383768562,فرصة جيدة,23,فرصة ضعيفة أو بعيدة,red,,لا يوجد نمط واضح حاليًا,0.30910842396581323,197
2160,Saudi Arabian Amiantit Co.,2026-10-07,11.57,-0.6866952789699576,208300.0,2410031.0,4295067.281,طبيعية,2026-09-17,13,14,2,3.0,2026-10-12,30,5 من 13 دورة,ضعيف,يحتاج مراقبة,30%,orange,212292.66666666666,269479.14285714284,-21.22111402914476,10,3,7,10,95,44.0,تحتاج مراقبة,orange,27.27272727272727,150.47234031527864,2026-10-19,10.0,8.0,41.66666666666667,119.06046130136774,65.0,فرصة جيدة,2026-10-20,11.0,9.0,41.66666666666667,131.97664026125648,65.0,فرصة جيدة,2026-10-12,5.0,3.0,50.0,82.3515950732007,62.94063802928028,فرصة جيدة,54,فرصة جيدة,orange,,لا يوجد نمط واضح حاليًا,0.07986210594100182,197
2170,Alujain Corporation,2026-10-07,26.8,-0.22338049143707642,118028.0,3163150.4,10724058.033333335,طبيعية,2026-09-09,19,14,2,9.0,2026-10-20,32,5 من 13 دورة,ضعيف,يحتاج مراقبة,32%,orange,123335.0,178975.42857142858,-31.088305816919803,10,3,7,10,60,30.0,فرصة ضعيفة,red,36.36363636363637,43.053171247604205,2026-10-22,13.0,11.0,58.333333333333336,90.84804010644112,71.33921604257645,فرصة تاريخية قوية,2026-10-19,10.0,8.0,50.0,106.01646869021556,70.0,فرصة تاريخية قوية,2026-10-20,11.0,9.0,41.66666666666667,114.41463013070192,65.0,فرصة جيدة,38,تحت المراقبة,yellow,,لا يوجد نمط واضح حاليًا,0.10595308943783642,197
2180,Filing & Packing Materials Manufacturing Co.,2026-10-07,37.3,-0.533333333333341,29592.0,1103781.5999999999,2322661.038333333,طبيعية,2026-10-06,1,14,2,1.0,2026-10-08,30,5 من 13 دورة,ضعيف,يحتاج مراقبة,30%,orange,74071.0,35878.42857142857,106.44995600221381,10,3,7,100,75,90.0,فرصة قوية جدًا,fire,36.36363636363637,113.69621070716144,2026-10-08,3.0,1.0,63.63636363636363,93.58095022882613,75.61419827334863,فرصة تاريخية قوية,2026-10-22,13.0,11.0,50.0,134.2353952110716,70.0,فرصة تاريخية قوية,2026-10-14,7.0,5.0,41.66666666666667,151.39295207260514,65.0,فرصة جيدة,60,فرصة جيدة,orange,,لا يوجد نمط واضح حاليًا,0.24115052811875126,197
2190,Sustained Infrastructure Holding Company,2026-10-07,37.54,-0.42440318302388247,104951.0,3939860.54,12743389.503666665,طبيعية,2026-10-01,4,14,2,9.0,2026-10-20,42,4 من 13 دورة,ضعيف,يحتاج مراقبة,42%,orange,121240.66666666667,256986.57142857142,-52.8221782201701,10,3,7,10,60,30.0,فرصة ضعيفة,red,36.36363636363637,57.77079131173778,2026-10-20,11.0,9.0,58.333333333333336,136.18748897820336,75.0,فرصة تاريخية قوية,2026-10-22,13.0,11.0,50.0,103.10374053984553,70.0,فرصة تاريخية قوية,2026-10-11,4.0,2.0,45.45454545454545,119.2996762417664,67.27272727272727,فرصة جيدة,40,تحت المراقبة,yellow,,لا يوجد نمط واضح حاليًا,0.31947484954746486,197
2200,Arabian Pipes Co.,2026-10-07,5.23,-1.1342155009451722,1856671.0,9710389.33,25286463.95863333,طبيعية,2026-09-15,15,14,2,15.0,2026-10-28,45,6 من 13 دورة,ضعيف,يحتاج مراقبة,45%,orange,3410421.6666666665,4403169.0,-22.546201005079148,10,3,7,10,35,20.0,فرصة ضعيفة,red,63.63636363636363,161.1139775994318,2026-10-22,13.0,11.0,33.33333333333333,191.774740366142,60.0,فرصة جيدة,2026-10-13,6.0,4.0,41.66666666666667,84.57107457743037,58.828429830972155,فرصة جيدة,2026-10-11,4.0,2.0,54.54545454545454,62.877222953282,57.878161908585525,فرصة جيدة,25,فرصة ضعيفة أو بعيدة,red,,لا يوجد نمط واضح حاليًا,0.11354524394620628,197
2220,National Metal Manufacturing & Casting Co.,2026-10-07,10.78,-1.1009174311926697,108553.0,1170201.3399999999,1576328.3081666667,طبيعية,2026-10-05,2,14,2,13.0,2026-10-26,32,4 من 13 دورة,ضعيف,يحتاج مراقبة,32%,orange,227425.33333333334,195274.2857142857,16.464557789287838,10,3,7,70,35,56.0,فرصة متوسطة,yellow,54.54545454545454,70.66467945061949,2026-10-19,10.0,8.0,50.0,155.627667248319,70.0,فرصة تاريخية قوية,2026-10-26,15.0,13.0,50.0,96.73464046373208,68.69385618549283,فرصة جيدة,2026-10-13,6.0,4.0,58.333333333333336,81.6444141053803,67.65776564215213,فرصة جيدة,25,فرصة ضعيفة أو بعيدة,red,,لا يوجد نمط واضح حاليًا,0.4725845140977468,197
2222,Saudi Arabian Oil Co.,2026-10-07,25.84,0.15503875968991915,6076351.0,157012909.84,211043348.29866663,طبيعية,2026-10-06,1,14,2,4.0,2026-10-13,24,3 من 13 دورة,غير واضح,لا يوجد نمط واضح,24%,red,10780264.666666666,8658384.0,24.506659287306576,10,3,7,85,100,91.0,فرصة قوية جدًا,fire,63.63636363636363,50.031110761297946,2026-10-25,14.0,12.0,66.66666666666666,46.521370941214705,58.60854837648587,فرصة جيدة,2026-10-19,10.0,8.0,33.33333333333333,76.93761482600893,50.775045930403564,تحت المراقبة,2026-10-13,6.0,4.0,41.66666666666667,62.560234631642615,50.024093852657046,تحت المراقبة,41,تحت المراقبة,yellow,,لا يوجد نمط واضح حاليًا,0.2477142882275565,197
2223,Saudi Aramco Base Oil Company - Luberef,2026-10-07,131.2,-0.152207001522083,85697.0,11243446.399999999,42847577.53666666,طبيعية,2026-09-15,15,14,2,6.0,2026-10-15,26,5 من 13 دورة,غير واضح,لا يوجد نمط واضح,26%,red,204418.33333333334,237164.14285714287,-13.80723457151537,10,3,7,25,90,51.0,فرصة متوسطة,yellow,54.54545454545454,54.2350369488637,2026-10-25,14.0,12.0,58.333333333333336,75.25371698444347,65.10148679377738,فرصة جيدة,2026-10-15,8.0,6.0,66.66666666666666,59.072633413367356,63.629053365346934,فرصة جيدة,2026-10-22,13.0,11.0,33.33333333333333,149.4516400988046,60.0,فرصة جيدة,37,تحت المراقبة,yellow,,لا يوجد نمط واضح حاليًا,0.21791211584992998,197
2230,Saudi Chemical Co.,2026-10-07,7.48,-0.266666666666661,3493527.0,26131581.96,30952781.162666667,فوق المتوسط,2026-09-15,15,14,2,10.0,2026-10-21,30,4 من 13 دورة,ضعيف,يحتاج مراقبة,30%,orange,3381139.3333333335,2903926.1428571427,16.43337905304525,10,3,7,70,60,66.0,فرصة قوية,green,36.36363636363637,29.67814491480808,2026-10-21,12.0,10.0,66.66666666666666,62.89359986300063,65.15743994520025,فرصة جيدة,2026-10-08,3.0,1.0,36.36363636363637,96.54804294420032,60.43739899586195,فرصة جيدة,2026-10-22,13.0,11.0,41.66666666666667,85.3791258643796,59.15165034575185,فرصة جيدة,33,تحت المراقبة,yellow,,لا يوجد نمط واضح حاليًا,0.14618456711815872,197
2240,Advanced Building Industries Co.,2026-10-07,25.54,-1.0844306738962088,71448.0,1824781.92,13971651.621666666,طبيعية,2026-09-30,5,14,2,5.0,2026-10-14,30,5 من 13 دورة,ضعيف,يحتاج مراقبة,30%,orange,177193.0,230515.14285714287,-23.131731042150317,10,3,7,10,100,46.0,تحتاج مراقبة,orange,36.36363636363637,73.93253500536606,2026-10-14,7.0,5.0,50.0,86.25146862415177,64.50058744966071,فرصة جيدة,2026-10-11,4.0,2.0,36.36363636363637,125.40065295104449,61.81818181818182,فرصة جيدة,2026-10-15,8.0,6.0,33.33333333333333,324.4133054799281,60.0,فرصة جيدة,48,تحت المراقبة,yellow,,لا يوجد نمط واضح حاليًا,0.10276773478427453,197
2250,Saudi Industrial Investment Group,2026-10-07,11.64,-1.5228426395939063,397917.0,4631753.88,9501516.505333334,طبيعية,2026-09-28,7,14,2,9.0,2026-10-20,31,4 من 13 دورة,ضعيف,يحتاج مراقبة,31%,orange,490733.0,799381.5714285715,-38.61091904795689,10,3,7,10,60,30.0,فرصة ضعيفة,red,45.45454545454545,51.461308423356215,2026-10-20,11.0,9.0,66.66666666666666,64.88471531973278,65.9538861278931,فرصة جيدة,2026-10-26,15.0,13.0,41.66666666666667,139.20690579834684,65.0,فرصة جيدة,2026-10-25,14.0,12.0,41.66666666666667,97.65497014808764,64.06198805923506,فرصة جيدة,37,تحت المراقبة,yellow,,لا يوجد نمط واضح حاليًا,0.29816124325119375,197
2270,Saudia Dairy & Foodstuff Co.,2026-10-07,184.9,-0.05405405405405099,17484.0,3232791.6,6508770.908333333,طبيعية,2026-09-21,11,14,2,9.0,2026-10-20,34,5 من 13 دورة,ضعيف,يحتاج مراقبة,34%,orange,24085.0,25949.428571428572,-7.18485405679179,10,3,7,25,60,39.0,تحتاج مراقبة,orange,27.27272727272727,116.80654596117002,2026-10-20,11.0,9.0,66.66666666666666,88.6361492593146,75.45445970372583,فرصة تاريخية قوية,2026-10-13,6.0,4.0,50.0,136.90024802690257,70.0,فرصة تاريخية قوية,2026-10-22,13.0,11.0,41.66666666666667,96.43772335146306,63.57508934058524,فرصة جيدة,38,تحت المراقبة,yellow,,لا يوجد نمط واضح حاليًا,0.16603975020228806,197
2280,Almarai Company,2026-10-07,45.28,0.0,542680.0,24572550.400000002,26256074.225666665,طبيعية,2026-09-17,13,14,2,2.0,2026-10-11,34,4 من 13 دورة,ضعيف,يحتاج مراقبة,34%,orange,524828.6666666666,528658.1428571428,-0.7243766585680045,10,3,7,40,85,58.0,فرصة متوسطة,yellow,81.81818181818183,40.157940213094314,2026-10-11,4.0,2.0,54.54545454545454,101.84641623369424,72.72727272727272,فرصة تاريخية قوية,2026-10-13,6.0,4.0,50.0,89.5374789465064,65.81499157860256,فرصة جيدة,2026-10-08,3.0,1.0,72.72727272727273,43.97554901425215,61.22658324206451,فرصة جيدة,57,فرصة جيدة,orange,,لا يوجد نمط واضح حاليًا,0.19054834517391844,197
2281,Tanmiah Food Company,2026-10-07,57.6,0.7874015748031546,80958.0,4663180.8,7067789.878333333,طبيعية,2026-09-21,11,14,2,6.0,2026-10-15,43,4 من 13 دورة,ضعيف,يحتاج مراقبة,43%,orange,67752.66666666667,58823.857142857145,15.17889162236572,10,3,7,70,90,78.0,فرصة قوية,green,27.27272727272727,214.29944394565248,2026-10-22,13.0,11.0,41.66666666666667,166.33420210384182,65.0,فرصة جيدة,2026-10-12,5.0,3.0,33.33333333333333,155.19379754049947,60.0,فرصة جيدة,2026-10-15,8.0,6.0,33.33333333333333,228.60389335290398,60.0,فرصة جيدة,49,تحت المراقبة,yellow,,لا يوجد نمط واضح حاليًا,0.15902906048072518,197
2282,Naqi Water Company,2026-10-07,62.35,0.88996763754046,37983.0,2368240.0500000003,2111374.9983333335,طبيعية,2026-10-04,3,14,2,6.0,2026-10-15,42,3 من 13 دورة,ضعيف,يحتاج مراقبة,42%,orange,35640.666666666664,57604.857142857145,-38.12905988416983,10,3,7,10,90,42.0,تحتاج مراقبة,orange,27.27272727272727,82.60587830669262,2026-10-20,11.0,9.0,41.66666666666667,136.393950281368,65.0,فرصة جيدة,2026-10-15,8.0,6.0,33.33333333333333,153.36142327400844,60.0,فرصة جيدة,2026-10-14,7.0,5.0,41.66666666666667,79.53328829963208,56.81331531985283,فرصة جيدة,48,تحت المراقبة,yellow,,لا يوجد نمط واضح حاليًا,0.1883721646954258,197
2283,First Milling Co.,2026-10-07,50.6,0.0,11232.0,568339.2000000001,2899828.085166667,طبيعية,2026-09-30,5,14,2,4.0,2026-10-13,29,4 من 13 دورة,غير واضح,لا يوجد نمط واضح,29%,red,20184.333333333332,32482.85714285714,-37.86158266631483,10,3,7,10,100,46.0,تحتاج مراقبة,orange,54.54545454545454,50.23661252420653,2026-10-11,4.0,2.0,54.54545454545454,94.81815224379643,70.6545336247913,فرصة تاريخية قوية,2026-10-13,6.0,4.0,33.33333333333333,106.62480072900703,60.0,فرصة جيدة,2026-10-19,10.0,8.0,41.66666666666667,85.47363692953748,59.189454771814994,فرصة جيدة,43,تحت المراقبة,yellow,,لا يوجد نمط واضح حاليًا,0.38852695640548923,197
2284,Modern Mills for Food Products Co.,2026-10-07,26.36,0.6875477463712747,23463.0,618484.6799999999,2593551.9146666666,طبيعية,2026-09-30,5,14,2,9.0,2026-10-20,27,4 من 13 دورة,غير واضح,لا يوجد نمط واضح,27%,red,43209.666666666664,69745.0,-38.04621597725046,10,3,7,10,60,30.0,فرصة ضعيفة,red,18.181818181818183,73.25173512423682,2026-10-13,6.0,4.0,41.66666666666667,118.06431429739052,65.0,فرصة جيدة,2026-10-20,11.0,9.0,58.333333333333336,59.171165903393394,58.66846636135736,فرصة جيدة,2026-10-08,3.0,1.0,54.54545454545454,48.716617700391595,52.21391980742936,تحت المراقبة,28,فرصة ضعيفة أو بعيدة,red,,لا يوجد نمط واضح حاليًا,0.2256713480502892,197
2285,Arabian Mills for Food Products Company,2026-10-07,38.58,-0.20693222969477057,21618.0,834022.44,3157413.1553333336,طبيعية,2026-09-30,5,14,2,7.0,2026-10-18,32,4 من 13 دورة,ضعيف,يحتاج مراقبة,32%,orange,48719.333333333336,73679.71428571429,-33.87686990151712,10,3,7,10,80,38.0,تحتاج مراقبة,orange,18.181818181818183,42.4913783361144,2026-10-21,12.0,10.0,41.66666666666667,109.67598432052621,65.0,فرصة جيدة,2026-10-13,6.0,4.0,50.0,76.20519113571291,60.48207645428516,فرصة جيدة,2026-10-18,9.0,7.0,33.33333333333333,124.86901043096307,60.0,فرصة جيدة,43,تحت المراقبة,yellow,,لا يوجد نمط واضح حاليًا,0.18923849852900426,197
2286,Fourth Milling Company,2026-10-07,3.83,0.26178010471204793,235263.0,901057.29,3244840.109833333,طبيعية,2026-09-15,15,14,2,10.0,2026-10-21,38,4 من 13 دورة,ضعيف,يحتاج مراقبة,38%,orange,260898.66666666666,432122.71428571426,-39.62394059800253,10,3,7,10,60,30.0,فرصة ضعيفة,red,45.45454545454545,40.14137398036081,2026-10-08,3.0,1.0,45.45454545454545,108.55950951096861,67.27272727272727,فرصة جيدة,2026-10-21,12.0,10.0,41.66666666666667,136.01636795143276,65.0,فرصة جيدة,2026-10-25,14.0,12.0,41.66666666666667,98.02741048580063,64.21096419432025,فرصة جيدة,36,تحت المراقبة,yellow,,لا يوجد نمط واضح حاليًا,0.2796621555528175,197
2287,Arabian Company for Agricultural and Industrial Investment,2026-10-07,21.56,0.04640371229697453,271952.0,5863285.12,7595276.897333334,طبيعية,2026-09-27,8,14,2,15.0,2026-10-28,39,4 من 13 دورة,ضعيف,يحتاج مراقبة,39%,orange,214520.0,265366.14285714284,-19.160749864203797,10,3,7,10,35,20.0,فرصة ضعيفة,red,54.54545454545454,121.12317095796448,2026-10-11,4.0,2.0,45.45454545454545,192.82528795159502,67.27272727272727,فرصة جيدة,2026-10-12,5.0,3.0,41.66666666666667,251.86970766355216,65.0,فرصة جيدة,2026-10-22,13.0,11.0,41.66666666666667,187.57209589839573,65.0,فرصة جيدة,22,فرصة ضعيفة أو بعيدة,red,,لا يوجد نمط واضح حاليًا,0.2340356474921271,197
2288,Nofoth Food Products Co,2026-10-07,6.14,-0.967741935483879,437037.0,2683407.1799999997,2216270.7715,طبيعية,2026-09-27,8,12,9,5.0,2026-10-14,29,5 من 11 دورة,غير واضح,لا يوجد نمط واضح,29%,red,539686.3333333334,719059.4285714285,-24.945517451104106,10,3,7,10,100,46.0,تحتاج مراقبة,orange,0.0,0.0,2026-10-14,14.0,5.0,50.0,94.44768197156614,67.77907278862645,فرصة جيدة,2026-10-12,12.0,3.0,40.0,272.05712790584056,64.0,فرصة جيدة,2026-10-08,10.0,1.0,30.0,128.22370102488887,58.0,فرصة جيدة,42,تحت المراقبة,yellow,,لا يوجد نمط واضح حاليًا,0.29344305078050315,174
2290,Yanbu National Petrochemical Co.,2026-10-07,32.4,-1.6393442622950796,245617.0,7957990.8,21960430.29866666,طبيعية,2026-09-09,19,14,2,9.0,2026-10-20,44,6 من 13 دورة,ضعيف,يحتاج مراقبة,44%,orange,388771.3333333333,383964.28571428574,1.2519517564257399,10,3,7,50,60,54.0,فرصة متوسطة,yellow,45.45454545454545,27.338532048158346,2026-10-20,11.0,9.0,58.333333333333336,140.73464952501334,75.0,فرصة تاريخية قوية,2026-10-15,8.0,6.0,41.66666666666667,138.8267795443448,65.0,فرصة جيدة,2026-10-19,10.0,8.0,58.333333333333336,68.60912510866719,62.443650043466874,فرصة جيدة,42,تحت المراقبة,yellow,,لا يوجد نمط واضح حاليًا,0.3645152025611201,197
2300,Saudi Paper Manufacturing Co.,2026-10-07,60.75,0.8298755186721992,35153.0,2135544.75,9042100.9125,طبيعية,2026-09-29,6,14,2,9.0,2026-10-20,42,3 من 13 دورة,ضعيف,يحتاج مراقبة,42%,orange,50265.666666666664,87987.57142857143,-42.87185581946369,10,3,7,10,60,30.0,فرصة ضعيفة,red,45.45454545454545,43.395794424978575,2026-10-11,4.0,2.0,45.45454545454545,87.28182238940988,62.18545622849122,فرصة جيدة,2026-10-20,11.0,9.0,33.33333333333333,195.2255759907079,60.0,فرصة جيدة,2026-10-13,6.0,4.0,25.0,119.35050541318003,55.0,فرصة جيدة,39,تحت المراقبة,yellow,,لا يوجد نمط واضح حاليًا,0.09067191506373067,197
2310,Sahara International Petrochemical Company,2026-10-07,12.02,-1.636661211129305,943162.0,11336807.24,16164107.332166664,طبيعية,2026-09-21,11,14,2,2.0,2026-10-11,41,3 من 13 دورة,ضعيف,يحتاج مراقبة,41%,orange,952314.3333333334,942012.0,1.093652027079628,10,3,7,50,85,64.0,فرصة متوسطة,yellow,45.45454545454545,24.4891451637043,2026-10-11,4.0,2.0,45.45454545454545,244.5249693986569,67.27272727272727,فرصة جيدة,2026-10-19,10.0,8.0,41.66666666666667,69.98174197562042,52.992696790248175,تحت المراقبة,2026-10-21,12.0,10.0,41.66666666666667,50.32233209204936,45.12893283681974,تحت المراقبة,59,فرصة جيدة,orange,,لا يوجد نمط واضح حاليًا,0.17163073864435074,197
2320,Al-Babtain Power & Telecommunication Co.,2026-10-07,54.9,-1.7009847806624938,194378.0,10671352.2,30845560.358333338,طبيعية,2026-09-29,6,14,2,2.0,2026-10-11,43,4 من 13 دورة,ضعيف,يحتاج مراقبة,43%,orange,232669.0,291183.71428571426,-20.0954625602099,10,3,7,10,85,40.0,تحتاج مراقبة,orange,45.45454545454545,58.2343208671946,2026-10-11,4.0,2.0,54.54545454545454,144.41448102857115,72.72727272727272,فرصة تاريخية قوية,2026-10-22,13.0,11.0,50.0,54.68863732241832,51.87545492896733,تحت المراقبة,2026-10-14,7.0,5.0,50.0,51.11915260449291,50.44766104179716,تحت المراقبة,60,فرصة جيدة,orange,,لا يوجد نمط واضح حاليًا,0.3977695159564886,197
2330,Advanced Petrochemical Co.,2026-10-07,22.0,0.6864988558352337,314487.0,6918714.0,9429633.737333333,طبيعية,2026-10-06,1,14,2,7.0,2026-10-18,35,5 من 13 دورة,ضعيف,يحتاج مراقبة,35%,orange,592644.3333333334,295944.85714285716,100.25498636972587,10,3,7,100,80,92.0,فرصة قوية جدًا,fire,9.090909090909092,53.13268313481301,2026-10-19,10.0,8.0,58.333333333333336,96.7328333837893,73.69313335351572,فرصة تاريخية قوية,2026-10-20,11.0,9.0,66.66666666666666,79.06952565240334,71.62781026096133,فرصة تاريخية قوية,2026-10-18,9.0,7.0,41.66666666666667,133.05466706843464,65.0,فرصة جيدة,44,تحت المراقبة,yellow,,لا يوجد نمط واضح حاليًا,0.3649635931237203,197
2340,ARTEX Industrial Investment Company,2026-10-07,10.01,0.6030150753768895,19847.0,198668.47,1860976.0454999998,طبيعية,2026-09-27,8,14,2,1.0,2026-10-08,42,5 من 13 دورة,ضعيف,يحتاج مراقبة,42%,orange,42095.666666666664,69253.85714285714,-39.2154193233865,10,3,7,10,75,36.0,تحتاج مراقبة,orange,54.54545454545454,77.49676066294778,2026-10-08,3.0,1.0,54.54545454545454,139.4827844168,72.72727272727272,فرصة تاريخية قوية,2026-10-15,8.0,6.0,33.33333333333333,413.59293716283025,60.0,فرصة جيدة,2026-10-12,5.0,3.0,50.0,72.64650952564988,59.05860381025995,فرصة جيدة,63,فرصة جيدة,orange,,لا يوجد نمط واضح حاليًا,0.12490464509131474,197
2350,كيان,2026-10-07,4.84,-3.200000000000003,5431077.0,26286412.68,22714247.578166667,مرتفعة,2026-10-07,0,15,5,2.0,2026-10-11,23,4 من 14 دورة,غير واضح,لا يوجد نمط واضح,23%,red,3574988.6666666665,2284564.1428571427,56.48449520859944,10,3,7,100,85,94.0,فرصة قوية جدًا,fire,46.15384615384615,56.198674067415745,2026-10-20,14.0,9.0,38.46153846153847,136.79001884151938,63.07692307692308,فرصة جيدة,2026-10-19,13.0,8.0,46.15384615384615,86.85356267445042,62.43373276208786,فرصة جيدة,2026-10-11,7.0,2.0,46.15384615384615,66.74124102549887,54.38880410250724,تحت المراقبة,47,تحت المراقبة,yellow,,لا يوجد نمط واضح حاليًا,0.19433517837593997,215
2360,Saudi Vitrified Clay Pipes Co.,2026-10-07,17.66,0.2839295854628093,153324.0,2707701.84,4490703.680833333,طبيعية,2026-09-27,8,14,2,1.0,2026-10-08,29,5 من 13 دورة,غير واضح,لا يوجد نمط واضح,29%,red,168092.0,340784.85714285716,-50.675038377795126,10,3,7,10,75,36.0,تحتاج مراقبة,orange,54.54545454545454,231.41083602115145,2026-10-08,3.0,1.0,63.63636363636363,90.67064099907711,74.45007458144903,فرصة تاريخية قوية,2026-10-26,15.0,13.0,41.66666666666667,193.44109023639447,65.0,فرصة جيدة,2026-10-13,6.0,4.0,33.33333333333333,136.0277353140544,60.0,فرصة جيدة,53,فرصة جيدة,orange,,لا يوجد نمط واضح حاليًا,0.2006651097946944,197
2370,Middle East Specialized Cables Co.,2026-10-07,34.56,-0.8036739380022994,123871.0,4280981.760000001,13095298.680666665,طبيعية,2026-10-06,1,14,2,4.0,2026-10-13,39,4 من 13 دورة,ضعيف,يحتاج مراقبة,39%,orange,330593.0,221923.14285714287,48.96733875691841,10,3,7,100,100,100.0,فرصة قوية جدًا,fire,27.27272727272727,72.13095234933208,2026-10-13,6.0,4.0,58.333333333333336,110.63404744930378,75.0,فرصة تاريخية قوية,2026-10-14,7.0,5.0,33.33333333333333,178.70902490432942,60.0,فرصة جيدة,2026-10-25,14.0,12.0,33.33333333333333,139.55747495422378,60.0,فرصة جيدة,53,فرصة جيدة,orange,,لا يوجد نمط واضح حاليًا,0.12295072188422278,197
2380,Rabigh Refining & Petrochemical Co. Class A,2026-10-07,16.97,-0.8761682242990778,2370452.0,40226570.44,143900313.97616667,طبيعية,2026-09-14,16,14,2,9.0,2026-10-20,40,5 من 13 دورة,ضعيف,يحتاج مراقبة,40%,orange,3349042.3333333335,3613922.4285714286,-7.329434996832552,10,3,7,25,60,39.0,تحتاج مراقبة,orange,45.45454545454545,43.241375395209886,2026-10-20,11.0,9.0,50.0,140.4308171759968,70.0,فرصة تاريخية قوية,2026-10-13,6.0,4.0,41.66666666666667,88.5421935837501,60.41687743350005,فرصة جيدة,2026-10-11,4.0,2.0,54.54545454545454,56.578792678866996,55.358789798819515,فرصة جيدة,40,تحت المراقبة,yellow,,لا يوجد نمط واضح حاليًا,0.1591190174317232,197
2381,Arabian Drilling Co.,2026-10-07,99.75,-0.34965034965034403,84917.0,8470470.75,10776468.711666668,طبيعية,2026-09-30,5,14,2,4.0,2026-10-13,36,4 من 13 دورة,ضعيف,يحتاج مراقبة,36%,orange,112697.0,155684.42857142858,-27.611899896402157,10,3,7,10,100,46.0,تحتاج مراقبة,orange,36.36363636363637,70.40834146307165,2026-10-13,6.0,4.0,50.0,105.22575850831852,70.0,فرصة تاريخية قوية,2026-10-21,12.0,10.0,41.66666666666667,114.75570365570066,65.0,فرصة جيدة,2026-10-20,11.0,9.0,50.0,67.62895823761771,57.05158329504708,فرصة جيدة,52,فرصة جيدة,orange,,لا يوجد نمط واضح حاليًا,0.24453331640047385,197
2382,Ades Holding Company,2026-10-07,16.83,-2.9971181556196145,1318822.0,22195774.259999998,24227906.117666665,فوق المتوسط,2026-09-24,9,14,2,5.0,2026-10-14,38,5 من 13 دورة,ضعيف,يحتاج مراقبة,38%,orange,1098121.0,1470009.7142857143,-25.298384811451204,10,3,7,10,100,46.0,تحتاج مراقبة,orange,54.54545454545454,64.3631416117076,2026-10-21,12.0,10.0,50.0,105.33253908140357,70.0,فرصة تاريخية قوية,2026-10-14,7.0,5.0,41.66666666666667,150.3689364271686,65.0,فرصة جيدة,2026-10-15,8.0,6.0,50.0,79.26275158550281,61.70510063420113,فرصة جيدة,51,فرصة جيدة,orange,,لا يوجد نمط واضح حاليًا,0.263059901175826,197
3002,Najran Cement Co.,2026-10-07,5.66,-0.7017543859649129,1098718.0,6218743.88,1942745.4766666666,استثنائية,2026-10-07,0,14,2,7.0,2026-10-18,25,4 من 13 دورة,غير واضح,لا يوجد نمط واضح,25%,red,1312320.3333333333,236538.42857142858,454.8021694652656,10,3,7,100,80,92.0,فرصة قوية جدًا,fire,27.27272727272727,122.13106668413138,2026-10-21,12.0,10.0,50.0,193.2903252192231,70.0,فرصة تاريخية قوية,2026-10-26,15.0,13.0,58.333333333333336,48.167701455389114,54.26708058215564,تحت المراقبة,2026-10-18,9.0,7.0,41.66666666666667,71.34495558661614,53.537982234646464,تحت المراقبة,33,تحت المراقبة,yellow,1.0,متوقعة خلال جلسة واحدة,0.7117751992241637,197
3003,City Cement Co.,2026-10-07,10.05,-0.2976190476190413,107860.0,1083993.0,4731154.145666668,طبيعية,2026-10-05,2,14,2,2.0,2026-10-11,41,3 من 13 دورة,ضعيف,يحتاج مراقبة,41%,orange,355315.3333333333,212480.14285714287,67.22284188797023,10,3,7,100,85,94.0,فرصة قوية جدًا,fire,45.45454545454545,141.69939813085907,2026-10-21,12.0,10.0,50.0,91.91628444396684,66.76651377758674,فرصة جيدة,2026-10-20,11.0,9.0,41.66666666666667,78.45571807147628,56.38228722859051,فرصة جيدة,2026-10-11,4.0,2.0,27.27272727272727,258.28770746084473,56.36363636363636,فرصة جيدة,59,فرصة جيدة,orange,,لا يوجد نمط واضح حاليًا,0.17305809591375557,197
3004,Northern Region Cement Co.,2026-10-07,6.54,0.3067484662576758,54665.0,357509.1,1791903.7868333336,طبيعية,2026-08-30,27,14,2,3.0,2026-10-12,36,3 من 13 دورة,ضعيف,يحتاج مراقبة,36%,orange,123021.0,117806.85714285714,4.4260096429021845,10,3,7,50,95,68.0,فرصة قوية,green,54.54545454545454,36.2138021109589,2026-10-21,12.0,10.0,58.333333333333336,108.14231038783441,75.0,فرصة تاريخية قوية,2026-10-12,5.0,3.0,41.66666666666667,119.97285334043679,65.0,فرصة جيدة,2026-10-11,4.0,2.0,18.181818181818183,156.50835275157837,50.90909090909091,تحت المراقبة,54,فرصة جيدة,orange,,لا يوجد نمط واضح حاليًا,0.05512223946949793,197
3005,Umm Al-Qura Cement Company,2026-10-07,11.13,-1.4171833480956455,16063.0,178781.19,922192.4155,طبيعية,2026-10-04,3,14,2,2.0,2026-10-11,34,4 من 13 دورة,ضعيف,يحتاج مراقبة,34%,orange,62133.666666666664,104778.57142857143,-40.700024996023366,10,3,7,10,85,40.0,تحتاج مراقبة,orange,54.54545454545454,53.42905266506221,2026-10-22,13.0,11.0,50.0,151.97437423017507,70.0,فرصة تاريخية قوية,2026-10-21,12.0,10.0,41.66666666666667,107.67591979778823,65.0,فرصة جيدة,2026-10-11,4.0,2.0,36.36363636363637,150.61183812698317,61.81818181818182,فرصة جيدة,57,فرصة جيدة,orange,,لا يوجد نمط واضح حاليًا,0.18224534686962207,197
3007,Zahrat Al Waha For Trading Co.,2026-10-07,2.58,0.7812500000000007,599502.0,1546715.1600000001,3554822.582,طبيعية,2026-09-30,5,14,2,10.0,2026-10-21,48,5 من 13 دورة,ضعيف,يحتاج مراقبة,48%,orange,590484.3333333334,684787.5714285715,-13.771166713570338,10,3,7,25,60,39.0,تحتاج مراقبة,orange,18.181818181818183,76.1583168279027,2026-10-15,8.0,6.0,50.0,130.07174812477004,70.0,فرصة تاريخية قوية,2026-10-20,11.0,9.0,50.0,152.96312262762163,70.0,فرصة تاريخية قوية,2026-10-21,12.0,10.0,50.0,212.38549495021334,70.0,فرصة تاريخية قوية,40,تحت المراقبة,yellow,,لا يوجد نمط واضح حاليًا,0.3283665846469919,197
3008,Al Kathiri Holding Company,2026-10-07,1.14,2.702702702702685,21662255.0,24694970.7,8868809.467333334,استثنائية,2026-10-07,0,14,2,6.0,2026-10-15,40,5 من 13 دورة,ضعيف,يحتاج مراقبة,40%,orange,11244050.333333334,12883503.285714285,-12.725210806588905,10,3,7,25,90,51.0,فرصة متوسطة,yellow,54.54545454545454,103.49206986687527,2026-10-15,8.0,6.0,41.66666666666667,163.28341373378908,65.0,فرصة جيدة,2026-10-19,10.0,8.0,41.66666666666667,147.29487648045347,65.0,فرصة جيدة,2026-10-18,9.0,7.0,50.0,83.82378185144508,63.529512740578035,فرصة جيدة,49,تحت المراقبة,yellow,,لا يوجد نمط واضح حاليًا,0.38128642669390655,197
3010,Arabian Cement Co.,2026-10-07,20.06,-0.24863252113376785,71631.0,1436917.8599999999,3352191.967166667,طبيعية,2026-10-01,4,14,2,2.0,2026-10-11,32,4 من 13 دورة,ضعيف,يحتاج مراقبة,32%,orange,61091.0,146346.85714285713,-58.25602189709769,10,3,7,10,85,40.0,تحتاج مراقبة,orange,63.63636363636363,43.50204789937482,2026-10-20,11.0,9.0,58.333333333333336,137.27668608642063,75.0,فرصة تاريخية قوية,2026-10-21,12.0,10.0,41.66666666666667,142.49077806322057,65.0,فرصة جيدة,2026-10-11,4.0,2.0,54.54545454545454,79.77337412403875,64.63662237688823,فرصة جيدة,57,فرصة جيدة,orange,,لا يوجد نمط واضح حاليًا,0.33748691556333904,197
3020,Yamamah Saudi Cement Co.,2026-10-07,21.3,-0.23419203747072928,111196.0,2368474.8000000003,6784218.706666666,طبيعية,2026-09-30,5,14,2,11.0,2026-10-22,26,4 من 13 دورة,غير واضح,لا يوجد نمط واضح,26%,red,202738.66666666666,290360.28571428574,-30.176860734266764,10,3,7,10,35,20.0,فرصة ضعيفة,red,27.27272727272727,140.38442238993377,2026-10-22,13.0,11.0,58.333333333333336,71.17787841968807,63.47115136787523,فرصة جيدة,2026-10-20,11.0,9.0,33.33333333333333,112.53328110082529,60.0,فرصة جيدة,2026-10-25,14.0,12.0,33.33333333333333,78.1740790791237,51.269631631649474,تحت المراقبة,22,فرصة ضعيفة أو بعيدة,red,,لا يوجد نمط واضح حاليًا,0.23044177803998706,197
3030,Saudi Cement Co.,2026-10-07,27.0,-0.2954209748892109,62753.0,1694331.0,4179308.147,طبيعية,2026-09-30,5,14,2,1.0,2026-10-08,22,3 من 13 دورة,غير واضح,لا يوجد نمط واضح,22%,red,76723.66666666667,173853.7142857143,-55.868836635507456,10,3,7,10,75,36.0,تحتاج مراقبة,orange,45.45454545454545,123.79074919026493,2026-10-20,11.0,9.0,41.66666666666667,119.3313584697411,65.0,فرصة جيدة,2026-10-14,7.0,5.0,58.333333333333336,67.6038530418944,62.041541216757764,فرصة جيدة,2026-10-21,12.0,10.0,50.0,77.73299444649105,61.09319777859642,فرصة جيدة,49,تحت المراقبة,yellow,,لا يوجد نمط واضح حاليًا,0.18329688586824874,197
3040,Qassim Cement Co.,2026-10-07,44.28,0.13568521031208114,75487.0,3342564.36,4275265.759666667,طبيعية,2026-09-24,9,14,2,4.0,2026-10-13,30,4 من 13 دورة,ضعيف,يحتاج مراقبة,30%,orange,48093.666666666664,91511.0,-47.44493376024012,10,3,7,10,100,46.0,تحتاج مراقبة,orange,36.36363636363637,124.7692459237833,2026-10-13,6.0,4.0,50.0,83.37892072773947,63.35156829109579,فرصة جيدة,2026-10-11,4.0,2.0,63.63636363636363,48.374580480940836,57.53165037419451,فرصة جيدة,2026-10-14,7.0,5.0,50.0,67.2464443826827,56.898577753073084,فرصة جيدة,51,فرصة جيدة,orange,,لا يوجد نمط واضح حاليًا,0.1610877012108692,197
3050,Southern Province Cement Co.,2026-10-07,18.2,-1.8867924528301963,203579.0,3705137.8,1044914.2854999999,استثنائية,2026-10-07,0,14,2,2.0,2026-10-11,27,4 من 13 دورة,غير واضح,لا يوجد نمط واضح,27%,red,127477.33333333333,45029.57142857143,183.09692783895449,10,3,7,100,85,94.0,فرصة قوية جدًا,fire,27.27272727272727,87.76804683823583,2026-10-21,12.0,10.0,50.0,103.18583296930865,70.0,فرصة تاريخية قوية,2026-10-14,7.0,5.0,41.66666666666667,114.01963165081204,65.0,فرصة جيدة,2026-10-11,4.0,2.0,36.36363636363637,95.59802071150564,60.057390102784076,فرصة جيدة,48,تحت المراقبة,yellow,,لا يوجد نمط واضح حاليًا,0.25736809849581843,197
3060,Yanbu Cement Co.,2026-10-07,14.51,0.06896551724137784,92376.0,1340375.76,6306277.481166665,طبيعية,2026-09-28,7,14,2,4.0,2026-10-13,35,4 من 13 دورة,ضعيف,يحتاج مراقبة,35%,orange,234834.0,475772.14285714284,-50.64149855648187,10,3,7,10,100,46.0,تحتاج مراقبة,orange,45.45454545454545,43.250021504396074,2026-10-13,6.0,4.0,58.333333333333336,80.59588125234885,67.23835250093954,فرصة جيدة,2026-10-14,7.0,5.0,50.0,88.68422237414114,65.47368894965646,فرصة جيدة,2026-10-21,12.0,10.0,75.0,37.905595623541224,60.16223824941649,فرصة جيدة,52,فرصة جيدة,orange,,لا يوجد نمط واضح حاليًا,0.0588959121955768,197
3080,Eastern Province Cement Co.,2026-10-07,23.09,0.04332755632583,21552.0,497635.68,1860655.7425000002,طبيعية,2026-10-01,4,14,2,2.0,2026-10-11,37,5 من 13 دورة,ضعيف,يحتاج مراقبة,37%,orange,44500.666666666664,78290.85714285714,-43.159816751697576,10,3,7,10,85,40.0,تحتاج مراقبة,orange,27.27272727272727,102.15756787610043,2026-10-11,4.0,2.0,45.45454545454545,161.26803828527483,67.27272727272727,فرصة جيدة,2026-10-21,12.0,10.0,58.333333333333336,69.8964192116277,62.958567684651086,فرصة جيدة,2026-10-22,13.0,11.0,50.0,69.35961940148788,57.74384776059515,فرصة جيدة,59,فرصة جيدة,orange,,لا يوجد نمط واضح حاليًا,0.3194643644315995,197
3090,Tabuk Cement Co.,2026-10-07,6.78,-1.3100436681222687,146000.0,989880.0,750389.9211666666,فوق المتوسط,2026-10-06,1,14,2,10.0,2026-10-21,43,4 من 13 دورة,ضعيف,يحتاج مراقبة,43%,orange,185198.33333333334,101698.0,82.10617055727087,10,3,7,100,60,84.0,فرصة قوية جدًا,fire,36.36363636363637,20.004703712465485,2026-10-21,12.0,10.0,58.333333333333336,104.83190898817556,75.0,فرصة تاريخية قوية,2026-10-22,13.0,11.0,58.333333333333336,47.330585671885295,53.932234268754115,تحت المراقبة,2026-10-18,9.0,7.0,25.0,95.76630172406867,53.30652068962747,تحت المراقبة,37,تحت المراقبة,yellow,,لا يوجد نمط واضح حاليًا,0.14597703678805568,197
3091,Al Jouf Cement Co.,2026-10-07,4.72,-0.6315789473684263,84691.0,399741.51999999996,685250.5005,طبيعية,2026-09-14,16,14,2,10.0,2026-10-21,32,5 من 13 دورة,ضعيف,يحتاج مراقبة,32%,orange,108239.33333333333,79016.71428571429,36.98283244473291,10,3,7,100,60,84.0,فرصة قوية جدًا,fire,27.27272727272727,144.8157646811719,2026-10-21,12.0,10.0,58.333333333333336,96.37724897026479,73.55089958810592,فرصة تاريخية قوية,2026-10-22,13.0,11.0,58.333333333333336,70.26891322875389,63.10756529150156,فرصة جيدة,2026-10-11,4.0,2.0,36.36363636363637,117.53606484652364,61.81818181818182,فرصة جيدة,35,تحت المراقبة,yellow,7.0,متوقعة بعد 7 جلسة,0.7901503921780137,197
3092,Riyadh Cement Co.,2026-10-07,19.99,-0.5967180507210392,97297.0,1944967.0299999998,3186543.586666667,طبيعية,2026-10-05,2,14,2,4.0,2026-10-13,28,5 من 13 دورة,غير واضح,لا يوجد نمط واضح,28%,red,211547.0,123233.85714285714,71.66305178191985,10,3,7,100,100,100.0,فرصة قوية جدًا,fire,27.27272727272727,28.2037976085212,2026-10-25,14.0,12.0,50.0,146.73030209562765,70.0,فرصة تاريخية قوية,2026-10-13,6.0,4.0,66.66666666666666,62.09784097974883,64.83913639189953,فرصة جيدة,2026-10-22,13.0,11.0,50.0,82.50640825949158,63.002563303796634,فرصة جيدة,44,تحت المراقبة,yellow,10.0,متوقعة بعد 10 جلسة,0.5165609259460382,197
4001,Abdullah Al Othaim Markets Co.,2026-10-07,4.11,-1.6746411483253443,1018016.0,4184045.7600000002,6486104.726166667,طبيعية,2026-09-21,11,14,2,4.0,2026-10-13,30,3 من 13 دورة,ضعيف,يحتاج مراقبة,30%,orange,1207935.3333333333,1047172.8571428572,15.352047667574764,10,3,7,70,100,82.0,فرصة قوية جدًا,fire,36.36363636363637,88.25107305499309,2026-10-15,8.0,6.0,41.66666666666667,159.54226269972142,65.0,فرصة جيدة,2026-10-20,11.0,9.0,41.66666666666667,88.86971461074498,60.547885844297994,فرصة جيدة,2026-10-13,6.0,4.0,58.333333333333336,59.415769291989754,58.76630771679591,فرصة جيدة,50,فرصة جيدة,orange,,لا يوجد نمط واضح حاليًا,0.25320349080232574,197
4002,Mouwasat Medical Services Co.,2026-10-07,63.0,0.0,88860.0,5598180.0,25883390.939166665,طبيعية,2026-10-05,2,14,2,7.0,2026-10-18,25,3 من 13 دورة,غير واضح,لا يوجد نمط واضح,25%,red,207467.0,115506.57142857143,79.61488894880439,10,3,7,100,80,92.0,فرصة قوية جدًا,fire,54.54545454545454,39.61888783421788,2026-10-25,14.0,12.0,58.333333333333336,72.24388576178721,63.89755430471489,فرصة جيدة,2026-10-13,6.0,4.0,33.33333333333333,284.8982885193802,60.0,فرصة جيدة,2026-10-18,9.0,7.0,41.66666666666667,72.75659334453216,54.102637337812865,تحت المراقبة,33,تحت المراقبة,yellow,,لا يوجد نمط واضح حاليًا,0.14305886326584394,197
4003,United Electronics Co.,2026-10-07,58.4,-0.17094017094017336,333376.0,19469158.4,21195753.89416667,طبيعية,2026-10-06,1,14,2,11.0,2026-10-22,45,5 من 13 دورة,ضعيف,يحتاج مراقبة,45%,orange,571710.6666666666,600384.5714285715,-4.775922987773884,10,3,7,40,35,38.0,تحتاج مراقبة,orange,36.36363636363637,127.56213279063343,2026-10-22,13.0,11.0,58.333333333333336,170.11685412061635,75.0,فرصة تاريخية قوية,2026-10-14,7.0,5.0,50.0,87.4188399550955,64.96753598203821,فرصة جيدة,2026-10-19,10.0,8.0,25.0,117.67016901837917,55.0,فرصة جيدة,36,تحت المراقبة,yellow,,لا يوجد نمط واضح حاليًا,0.291251380971214,197
4004,Dallah Healthcare Co.,2026-10-07,78.15,-0.5725190839694513,67818.0,5299976.7,11279132.864166623,طبيعية,2026-09-24,9,14,2,1.0,2026-10-08,30,4 من 13 دورة,ضعيف,يحتاج مراقبة,30%,orange,83289.33333333333,113935.0,-26.897500036570566,10,3,7,10,75,36.0,تحتاج مراقبة,orange,54.54545454545454,72.80803710326136,2026-10-11,4.0,2.0,54.54545454545454,277.933464640021,72.72727272727272,فرصة تاريخية قوية,2026-10-08,3.0,1.0,54.54545454545454,86.39146130948167,67.2838572510654,فرصة جيدة,2026-10-18,9.0,7.0,58.333333333333336,43.157557791182185,52.26302311647288,تحت المراقبة,59,فرصة جيدة,orange,,لا يوجد نمط واضح حاليًا,0.14436567931961014,197
4005,National Medical Care Co.,2026-10-07,107.2,0.18691588785046995,30239.0,3241620.8000000003,9913864.10833333,طبيعية,2026-10-05,2,14,2,4.0,2026-10-13,31,5 من 13 دورة,ضعيف,يحتاج مراقبة,31%,orange,75632.0,78924.85714285714,-4.172142037453352,10,3,7,40,100,64.0,فرصة متوسطة,yellow,36.36363636363637,137.99101367029593,2026-10-13,6.0,4.0,41.66666666666667,116.01696124935852,65.0,فرصة جيدة,2026-10-26,15.0,13.0,41.66666666666667,220.18523456564338,65.0,فرصة جيدة,2026-10-21,12.0,10.0,33.33333333333333,135.23725335324914,60.0,فرصة جيدة,52,فرصة جيدة,orange,,لا يوجد نمط واضح حاليًا,0.483105855929075,197
4006,Saudi Marketing Co.,2026-10-07,10.52,-0.18975332068310793,60253.0,633861.5599999999,603159.8595,طبيعية,2026-09-24,9,14,2,4.0,2026-10-13,29,4 من 13 دورة,غير واضح,لا يوجد نمط واضح,29%,red,71523.33333333333,61736.28571428572,15.852990677705936,10,3,7,70,100,82.0,فرصة قوية جدًا,fire,18.181818181818183,60.47075910504915,2026-10-19,10.0,8.0,58.333333333333336,95.10043970238836,73.04017588095535,فرصة تاريخية قوية,2026-10-13,6.0,4.0,66.66666666666666,61.79958375380234,64.71983350152092,فرصة جيدة,2026-10-14,7.0,5.0,33.33333333333333,142.30596805213852,60.0,فرصة جيدة,43,تحت المراقبة,yellow,,لا يوجد نمط واضح حاليًا,0.17048864976682465,197
4007,Al Hammadi Holding,2026-10-07,22.74,-0.7853403141361398,84680.0,1925623.2,6838184.7085,طبيعية,2026-09-07,21,14,2,1.0,2026-10-08,29,4 من 13 دورة,غير واضح,لا يوجد نمط واضح,29%,red,118482.0,137144.7142857143,-13.608044891058768,10,3,7,25,75,45.0,تحتاج مراقبة,orange,45.45454545454545,75.85678338830857,2026-10-08,3.0,1.0,45.45454545454545,100.65585560135261,67.27272727272727,فرصة جيدة,2026-10-25,14.0,12.0,33.33333333333333,145.74766700797963,60.0,فرصة جيدة,2026-10-13,6.0,4.0,66.66666666666666,43.785794795210386,57.514317918084146,فرصة جيدة,52,فرصة جيدة,orange,,لا يوجد نمط واضح حاليًا,0.03720783538117313,197
4008,Saudi Co. for Hardware,2026-10-07,17.18,-1.9406392694063919,42081.0,722951.58,1613948.1496666665,طبيعية,2026-09-20,12,14,2,12.0,2026-10-25,42,4 من 13 دورة,ضعيف,يحتاج مراقبة,42%,orange,37682.666666666664,35405.42857142857,6.431889648345557,10,3,7,60,35,50.0,فرصة متوسطة,yellow,9.090909090909092,198.39165717151107,2026-10-25,14.0,12.0,50.0,149.1335285870065,70.0,فرصة تاريخية قوية,2026-10-12,5.0,3.0,41.66666666666667,113.61832882749536,65.0,فرصة جيدة,2026-10-22,13.0,11.0,41.66666666666667,102.89646738078208,65.0,فرصة جيدة,31,تحت المراقبة,yellow,,لا يوجد نمط واضح حاليًا,0.13757060251617445,197
4009,Middle East Healthcare Company,2026-10-07,28.54,-0.8339124391938915,142394.0,4063924.76,11095701.493666667,طبيعية,2026-09-03,23,14,2,14.0,2026-10-27,27,3 من 13 دورة,غير واضح,لا يوجد نمط واضح,27%,red,237981.0,245730.0,-3.153461115858869,10,3,7,40,35,38.0,تحتاج مراقبة,orange,36.36363636363637,12.670073828449778,2026-10-11,4.0,2.0,36.36363636363637,73.33933789211594,51.153916975028196,تحت المراقبة,2026-10-19,10.0,8.0,41.66666666666667,64.47430481351915,50.78972192540766,تحت المراقبة,2026-10-22,13.0,11.0,16.666666666666664,149.86684061658312,50.0,تحت المراقبة,13,فرصة ضعيفة أو بعيدة,red,,لا يوجد نمط واضح حاليًا,0.35845938454269294,197
4011,Lazurde Company for Jewelry,2026-10-07,9.48,0.7438894792773676,96668.0,916412.64,1966565.2925000002,طبيعية,2026-10-04,3,14,2,5.0,2026-10-14,33,4 من 13 دورة,ضعيف,يحتاج مراقبة,33%,orange,56786.0,243893.85714285713,-76.71692076822646,10,3,7,10,100,46.0,تحتاج مراقبة,orange,36.36363636363637,87.85115067530107,2026-10-14,7.0,5.0,41.66666666666667,110.96952688742758,65.0,فرصة جيدة,2026-10-20,11.0,9.0,41.66666666666667,91.49136278905776,61.596545115623115,فرصة جيدة,2026-10-19,10.0,8.0,33.33333333333333,106.99425888319858,60.0,فرصة جيدة,49,تحت المراقبة,yellow,,لا يوجد نمط واضح حاليًا,0.23040971570336255,197
4012,Thob Al-Aseel Co.,2026-10-07,3.34,1.5197568389057698,239942.0,801406.2799999999,1384052.1468333334,طبيعية,2026-09-06,22,14,2,3.0,2026-10-12,25,3 من 13 دورة,غير واضح,لا يوجد نمط واضح,25%,red,201334.66666666666,258729.57142857142,-22.18335710332594,10,3,7,10,95,44.0,تحتاج مراقبة,orange,54.54545454545454,49.71244373873102,2026-10-25,14.0,12.0,50.0,88.98225707472659,65.59290282989065,فرصة جيدة,2026-10-22,13.0,11.0,33.33333333333333,197.76569045116565,60.0,فرصة جيدة,2026-10-12,5.0,3.0,33.33333333333333,88.96888716707711,55.58755486683084,فرصة جيدة,44,تحت المراقبة,yellow,,لا يوجد نمط واضح حاليًا,0.1684578908755642,197
4013,Dr. Sulaiman Al-Habib Medical Services Group Co.,2026-10-07,228.1,-0.1750547045951885,181916.0,41495039.6,32043026.113333333,مرتفعة,2026-10-07,0,14,2,12.0,2026-10-25,22,4 من 13 دورة,غير واضح,لا يوجد نمط واضح,22%,red,124124.0,101683.57142857143,22.068883159942953,10,3,7,85,35,65.0,فرصة قوية,green,63.63636363636363,43.344312375228206,2026-10-08,3.0,1.0,36.36363636363637,84.69655217309227,55.69680268741873,فرصة جيدة,2026-10-26,15.0,13.0,25.0,136.09560947603836,55.0,فرصة جيدة,2026-10-22,13.0,11.0,33.33333333333333,87.36191148949064,54.94476459579626,تحت المراقبة,18,فرصة ضعيفة أو بعيدة,red,,لا يوجد نمط واضح حاليًا,0.1655446912728704,197
4014,Scientific and Medical Equipment House,2026-10-07,27.3,1.0362694300518176,44930.0,1226589.0,1945934.4826666666,طبيعية,2026-10-05,2,14,2,9.0,2026-10-20,31,4 من 13 دورة,ضعيف,يحتاج مراقبة,31%,orange,83656.66666666667,57579.0,45.29023891812409,10,3,7,100,60,84.0,فرصة قوية جدًا,fire,45.45454545454545,42.73714074330622,2026-10-19,10.0,8.0,41.66666666666667,238.91772167281403,65.0,فرصة جيدة,2026-10-20,11.0,9.0,41.66666666666667,106.31145314440342,65.0,فرصة جيدة,2026-10-13,6.0,4.0,33.33333333333333,221.49079161406792,60.0,فرصة جيدة,37,تحت المراقبة,yellow,,لا يوجد نمط واضح حاليًا,0.2950024615785382,197
4015,Jamjoom Pharmaceuticals Factory Co.,2026-10-07,128.0,-1.0819165378670832,57413.0,7348864.0,4644831.89,مرتفعة,2026-10-07,0,14,2,4.0,2026-10-13,29,5 من 13 دورة,غير واضح,لا يوجد نمط واضح,29%,red,28722.666666666668,21925.14285714286,31.003327338910758,10,3,7,100,100,100.0,فرصة قوية جدًا,fire,45.45454545454545,81.07184047435162,2026-10-11,4.0,2.0,45.45454545454545,150.4660482805582,67.27272727272727,فرصة جيدة,2026-10-13,6.0,4.0,58.333333333333336,64.81784583220244,60.92713833288097,فرصة جيدة,2026-10-21,12.0,10.0,33.33333333333333,125.84324607427408,60.0,فرصة جيدة,44,تحت المراقبة,yellow,,لا يوجد نمط واضح حاليًا,0.22228582832413074,197
4016,Middle East Pharmaceutical Industries Company,2026-10-07,64.15,0.46985121378230893,42851.0,2748891.6500000004,4971820.242500001,طبيعية,2026-09-01,25,14,2,1.0,2026-10-08,27,5 من 13 دورة,غير واضح,لا يوجد نمط واضح,27%,red,40576.0,46631.57142857143,-12.985990484680821,10,3,7,25,75,45.0,تحتاج مراقبة,orange,18.181818181818183,65.10606087169442,2026-10-11,4.0,2.0,63.63636363636363,153.12862467089985,78.18181818181819,فرصة تاريخية قوية,2026-10-13,6.0,4.0,50.0,112.7892999336173,70.0,فرصة تاريخية قوية,2026-10-08,3.0,1.0,54.54545454545454,82.12132776237367,65.57580383222219,فرصة جيدة,52,فرصة جيدة,orange,,لا يوجد نمط واضح حاليًا,0.08483911040261466,197
4017,Dr. Soliman Abdul Kader Fakeeh Hospital Co.,2026-10-07,34.72,-0.2298850574712595,20004.0,694538.88,3500485.231,طبيعية,2026-09-01,25,14,2,1.0,2026-10-08,39,4 من 13 دورة,ضعيف,يحتاج مراقبة,39%,orange,28367.333333333332,40075.857142857145,-29.21590364938873,10,3,7,10,75,36.0,تحتاج مراقبة,orange,27.27272727272727,47.585779363663846,2026-10-08,3.0,1.0,63.63636363636363,93.16830929188457,75.44914189857201,فرصة تاريخية قوية,2026-10-22,13.0,11.0,50.0,94.25724605974979,67.70289842389991,فرصة جيدة,2026-10-14,7.0,5.0,41.66666666666667,107.94081592125295,65.0,فرصة جيدة,62,فرصة جيدة,orange,,لا يوجد نمط واضح حاليًا,0.167138200777494,197
4018,Almoosa Health Co.,2026-10-07,116.1,0.5194805194805145,11176.0,1297533.5999999999,2685649.545,طبيعية,2026-09-30,5,14,2,5.0,2026-10-14,34,4 من 13 دورة,ضعيف,يحتاج مراقبة,34%,orange,11057.666666666666,29384.571428571428,-62.369140916191846,10,3,7,10,100,46.0,تحتاج مراقبة,orange,36.36363636363637,36.28869950720407,2026-10-21,12.0,10.0,50.0,124.23289643898579,70.0,فرصة تاريخية قوية,2026-10-25,14.0,12.0,50.0,156.00310157509762,70.0,فرصة تاريخية قوية,2026-10-22,13.0,11.0,50.0,89.59337099664322,65.8373483986573,فرصة جيدة,49,تحت المراقبة,yellow,,لا يوجد نمط واضح حاليًا,0.4872361378838103,197
4019,Specialized Medical Company,2026-10-07,14.9,-0.6666666666666643,196073.0,2921487.7,6860997.116833333,طبيعية,2026-09-28,7,14,2,2.0,2026-10-11,28,3 من 13 دورة,غير واضح,لا يوجد نمط واضح,28%,red,201752.66666666666,248407.14285714287,-18.781455176313855,10,3,7,10,85,40.0,تحتاج مراقبة,orange,36.36363636363637,62.59289351045122,2026-10-25,14.0,12.0,41.66666666666667,129.44059759427802,65.0,فرصة جيدة,2026-10-26,15.0,13.0,50.0,79.5174706699073,61.80698826796292,فرصة جيدة,2026-10-11,4.0,2.0,27.27272727272727,126.96493508481426,56.36363636363636,فرصة جيدة,48,تحت المراقبة,yellow,,لا يوجد نمط واضح حاليًا,0.24476832743780244,197
4020,Saudi Real Estate Co.,2026-10-07,15.37,1.3852242744063263,313183.0,4813622.71,9769635.131666668,طبيعية,2026-09-14,16,14,2,1.0,2026-10-08,42,4 من 13 دورة,ضعيف,يحتاج مراقبة,42%,orange,176300.33333333334,228669.42857142858,-22.901660079907405,10,3,7,10,75,36.0,تحتاج مراقبة,orange,45.45454545454545,164.2106231485101,2026-10-08,3.0,1.0,54.54545454545454,166.63042318024392,72.72727272727272,فرصة تاريخية قوية,2026-10-14,7.0,5.0,41.66666666666667,123.39579599052266,65.0,فرصة جيدة,2026-10-15,8.0,6.0,33.33333333333333,90.77108131744109,56.30843252697643,فرصة جيدة,63,فرصة جيدة,orange,10.0,متوقعة بعد 10 جلسة,0.6054482381791905,197
4021,Canadian Medical Center Co.,2026-10-07,4.86,0.0,432186.0,2100423.96,3509853.2671666667,فوق المتوسط,2026-09-20,12,14,2,1.0,2026-10-08,40,4 من 13 دورة,ضعيف,يحتاج مراقبة,40%,orange,281235.6666666667,319106.85714285716,-11.867871099754012,10,3,7,25,75,45.0,تحتاج مراقبة,orange,27.27272727272727,55.23398593015228,2026-10-08,3.0,1.0,63.63636363636363,101.80678864161976,78.18181818181819,فرصة تاريخية قوية,2026-10-11,4.0,2.0,54.54545454545454,84.481811672242,66.51999739616952,فرصة جيدة,2026-10-20,11.0,9.0,50.0,86.25693152518625,64.5027726100745,فرصة جيدة,62,فرصة جيدة,orange,,لا يوجد نمط واضح حاليًا,0.12158673177029433,197
4030,National Shipping Co. of Saudi Arabia,2026-10-07,35.52,0.6232294617563909,630572.0,22397917.44,70829747.41633333,طبيعية,2026-08-23,32,14,2,9.0,2026-10-20,26,4 من 13 دورة,غير واضح,لا يوجد نمط واضح,26%,red,920859.0,1284198.4285714286,-28.29309088748969,10,3,7,10,60,30.0,فرصة ضعيفة,red,63.63636363636363,38.64466581503882,2026-10-25,14.0,12.0,58.333333333333336,78.35404819153635,66.34161927661454,فرصة جيدة,2026-10-26,15.0,13.0,41.66666666666667,107.2441855703311,65.0,فرصة جيدة,2026-10-22,13.0,11.0,50.0,75.73836116127892,60.29534446451157,فرصة جيدة,28,فرصة ضعيفة أو بعيدة,red,,لا يوجد نمط واضح حاليًا,0.10006261952392616,197
4031,الخدمات الارضيه,2026-10-07,22.12,-4.982817869415808,613538.0,13571460.56,14753302.651499998,طبيعية,2026-09-24,9,15,5,4.0,2026-10-13,33,4 من 14 دورة,ضعيف,يحتاج مراقبة,33%,orange,969514.6666666666,604581.7142857143,60.361228888985494,10,3,7,100,100,100.0,فرصة قوية جدًا,fire,61.53846153846154,69.86747597869217,2026-10-13,9.0,4.0,53.84615384615385,87.22554303528226,67.1979095218052,فرصة جيدة,2026-10-11,7.0,2.0,53.84615384615385,79.03179124997516,63.92040880768237,فرصة جيدة,2026-10-20,14.0,9.0,30.76923076923077,214.15971644283206,58.46153846153846,فرصة جيدة,51,فرصة جيدة,orange,,لا يوجد نمط واضح حاليًا,0.31023009970970117,215
4040,النقل الجماعي,2026-10-07,10.86,-0.36697247706422864,222170.0,2412766.1999999997,9496387.980166666,طبيعية,2026-09-01,25,15,5,2.0,2026-10-11,42,3 من 14 دورة,ضعيف,يحتاج مراقبة,42%,orange,287094.0,370550.5714285714,-22.52231621363423,10,3,7,10,85,40.0,تحتاج مراقبة,orange,7.6923076923076925,67.02300605276967,2026-10-15,11.0,6.0,46.15384615384615,193.6357475361311,67.6923076923077,فرصة جيدة,2026-10-11,7.0,2.0,38.46153846153847,155.03917100689964,63.07692307692308,فرصة جيدة,2026-10-13,9.0,4.0,38.46153846153847,129.55913697151348,63.07692307692308,فرصة جيدة,59,فرصة جيدة,orange,,لا يوجد نمط واضح حاليًا,0.05510464320883367,215
4050,Saudi Automotive Services Co.,2026-10-07,40.1,-1.8600097895252032,59390.0,2381539.0,11692279.234333333,طبيعية,2026-08-20,33,14,2,5.0,2026-10-14,37,4 من 13 دورة,ضعيف,يحتاج مراقبة,37%,orange,101666.33333333333,62539.42857142857,62.563578938391615,10,3,7,100,100,100.0,فرصة قوية جدًا,fire,36.36363636363637,82.10852471003037,2026-10-18,9.0,7.0,41.66666666666667,109.37234641598191,65.0,فرصة جيدة,2026-10-13,6.0,4.0,33.33333333333333,167.56323028952102,60.0,فرصة جيدة,2026-10-14,7.0,5.0,33.33333333333333,147.02048653062312,60.0,فرصة جيدة,50,فرصة جيدة,orange,,لا يوجد نمط واضح حاليًا,0.008360301053802827,197
4051,Baazeem Trading Co.,2026-10-07,5.19,0.7766990291262142,908918.0,4717284.42,2043938.9263333336,استثنائية,2026-10-07,0,14,2,5.0,2026-10-14,37,5 من 13 دورة,ضعيف,يحتاج مراقبة,37%,orange,366229.3333333333,119912.57142857143,205.41362675346005,10,3,7,100,100,100.0,فرصة قوية جدًا,fire,36.36363636363637,24.76952362357221,2026-10-14,7.0,5.0,41.66666666666667,133.39073796558168,65.0,فرصة جيدة,2026-10-15,8.0,6.0,41.66666666666667,197.65895204212651,65.0,فرصة جيدة,2026-10-11,4.0,2.0,36.36363636363637,117.85963077164645,61.81818181818182,فرصة جيدة,51,فرصة جيدة,orange,5.0,متوقعة خلال 5 جلسات,0.5000737875348322,197
4061,Anaam International Holding Group,2026-10-07,12.11,-1.4646053702196886,103868.0,1257841.48,4552808.683166667,طبيعية,2026-09-06,22,14,2,5.0,2026-10-14,41,3 من 13 دورة,ضعيف,يحتاج مراقبة,41%,orange,208179.66666666666,209072.57142857142,-0.4270788634796241,10,3,7,40,100,64.0,فرصة متوسطة,yellow,27.27272727272727,242.67126696007108,2026-10-14,7.0,5.0,41.66666666666667,174.7415204807324,65.0,فرصة جيدة,2026-10-26,15.0,13.0,41.66666666666667,87.49620809806518,59.998483239226076,فرصة جيدة,2026-10-12,5.0,3.0,25.0,122.51811528094068,55.0,فرصة جيدة,50,فرصة جيدة,orange,,لا يوجد نمط واضح حاليًا,0.16367689834871468,197
4070,Tihama Advertising & Public Relations Co.,2026-10-07,19.59,0.7197943444730107,41840.0,819645.6,4957696.941666666,طبيعية,2026-08-27,28,14,2,15.0,2026-10-28,32,4 من 13 دورة,ضعيف,يحتاج مراقبة,32%,orange,45002.666666666664,65031.57142857143,-30.79874024558036,10,3,7,10,35,20.0,فرصة ضعيفة,red,45.45454545454545,110.35519995753964,2026-10-21,12.0,10.0,41.66666666666667,98.31766784939916,64.32706713975966,فرصة جيدة,2026-10-08,3.0,1.0,36.36363636363637,118.92345967952747,61.81818181818182,فرصة جيدة,2026-10-25,14.0,12.0,33.33333333333333,155.36930492846034,60.0,فرصة جيدة,20,فرصة ضعيفة أو بعيدة,red,,لا يوجد نمط واضح حاليًا,0.08229067474661333,197
4071,Arabian Contracting Services Co.,2026-10-07,46.22,-3.1027253668763186,321681.0,14868095.82,15286771.900333336,طبيعية,2026-10-06,1,14,2,5.0,2026-10-14,50,7 من 13 دورة,متوسط,متوقع متوسط المدى,50%,yellow,464071.3333333333,312086.85714285716,48.699415791452424,10,3,7,100,100,100.0,فرصة قوية جدًا,fire,54.54545454545454,45.32933773218361,2026-10-14,7.0,5.0,83.33333333333334,143.6639620128542,90.0,فرصة تاريخية قوية,2026-10-13,6.0,4.0,58.333333333333336,78.81623468428778,66.52649387371511,فرصة جيدة,2026-10-12,5.0,3.0,33.33333333333333,130.1423907569751,60.0,فرصة جيدة,62,فرصة جيدة,orange,,لا يوجد نمط واضح حاليًا,0.45389904862324554,197
4072,MBC Group Company,2026-10-07,19.42,-1.1201629327902183,79374.0,1541443.08,3046010.877,طبيعية,2026-10-05,2,14,2,14.0,2026-10-27,33,4 من 13 دورة,ضعيف,يحتاج مراقبة,33%,orange,136450.0,79086.71428571429,72.53213922511816,10,3,7,100,35,74.0,فرصة قوية,green,36.36363636363637,43.91368781750246,2026-10-15,8.0,6.0,33.33333333333333,116.63439779362604,60.0,فرصة جيدة,2026-10-20,11.0,9.0,25.0,112.67211363848611,55.0,فرصة جيدة,2026-10-18,9.0,7.0,16.666666666666664,172.23319908594465,50.0,تحت المراقبة,23,فرصة ضعيفة أو بعيدة,red,,لا يوجد نمط واضح حاليًا,0.26257752908701654,197
4080,Sinad Holding Company,2026-10-07,7.95,-2.0935960591132887,92099.0,732187.05,2680283.526333334,طبيعية,2026-09-10,18,14,2,1.0,2026-10-08,25,4 من 13 دورة,غير واضح,لا يوجد نمط واضح,25%,red,125490.66666666667,180075.7142857143,-30.31227605319455,10,3,7,10,75,36.0,تحتاج مراقبة,orange,27.27272727272727,151.4288959353004,2026-10-11,4.0,2.0,54.54545454545454,147.2798741501156,72.72727272727272,فرصة تاريخية قوية,2026-10-13,6.0,4.0,33.33333333333333,109.94649177377471,60.0,فرصة جيدة,2026-10-26,15.0,13.0,33.33333333333333,165.12181461988024,60.0,فرصة جيدة,51,فرصة جيدة,orange,,لا يوجد نمط واضح حاليًا,0.12955309908676996,197
4081,Nayifat Finance Company,2026-10-07,9.65,-1.127049180327863,29105.0,280863.25,2061650.2123333334,طبيعية,2026-09-07,21,14,2,5.0,2026-10-14,45,5 من 13 دورة,ضعيف,متوقع متوسط المدى,45%,yellow,30289.333333333332,104253.0,-70.94631969024073,10,3,7,10,100,46.0,تحتاج مراقبة,orange,18.181818181818183,507.97690872440273,2026-10-14,7.0,5.0,58.333333333333336,140.54706678854694,75.0,فرصة تاريخية قوية,2026-10-20,11.0,9.0,41.66666666666667,170.10901686462137,65.0,فرصة جيدة,2026-10-15,8.0,6.0,33.33333333333333,223.77755421380184,60.0,فرصة جيدة,53,فرصة جيدة,orange,,لا يوجد نمط واضح حاليًا,0.04793660880303718,197
4082,Morabaha Marina Financing Company,2026-10-07,7.98,0.0,11304.0,90205.92,1052742.207,طبيعية,2026-09-14,16,14,2,11.0,2026-10-22,38,4 من 13 دورة,ضعيف,يحتاج مراقبة,38%,orange,16696.0,23266.0,-28.238631479412014,10,3,7,10,35,20.0,فرصة ضعيفة,red,36.36363636363637,198.90780634160018,2026-10-22,13.0,11.0,41.66666666666667,134.18254660543383,65.0,فرصة جيدة,2026-10-25,14.0,12.0,41.66666666666667,103.23035376622451,65.0,فرصة جيدة,2026-10-15,8.0,6.0,33.33333333333333,192.90508112410708,60.0,فرصة جيدة,33,تحت المراقبة,yellow,,لا يوجد نمط واضح حاليًا,0.16780276483876666,197
4083,United International Holding Co.,2026-10-07,26.42,-1.04868913857677,99747.0,2635315.74,7084786.157,طبيعية,2026-09-27,8,14,2,4.0,2026-10-13,26,5 من 13 دورة,غير واضح,لا يوجد نمط واضح,26%,red,244452.33333333334,299170.71428571426,-18.290019156127602,10,3,7,10,100,46.0,تحتاج مراقبة,orange,36.36363636363637,46.36746139272282,2026-10-22,13.0,11.0,50.0,349.16462213652403,70.0,فرصة تاريخية قوية,2026-10-14,7.0,5.0,41.66666666666667,104.21129299798058,65.0,فرصة جيدة,2026-10-15,8.0,6.0,41.66666666666667,209.52736753026323,65.0,فرصة جيدة,43,تحت المراقبة,yellow,,لا يوجد نمط واضح حاليًا,0.11513406858085898,197
4084,Derayah Financial Company,2026-10-07,19.55,-0.508905852417292,172258.0,3367643.9,8971220.9585,طبيعية,2026-09-30,5,14,2,5.0,2026-10-14,26,4 من 13 دورة,غير واضح,لا يوجد نمط واضح,26%,red,231963.66666666666,547347.4285714285,-57.62039710827005,10,3,7,10,100,46.0,تحتاج مراقبة,orange,27.27272727272727,30.258953252887995,2026-10-08,3.0,1.0,45.45454545454545,118.3770548347172,67.27272727272727,فرصة جيدة,2026-10-21,12.0,10.0,33.33333333333333,124.39291099082173,60.0,فرصة جيدة,2026-10-15,8.0,6.0,58.333333333333336,56.70996279234969,57.68398511693988,فرصة جيدة,39,تحت المراقبة,yellow,,لا يوجد نمط واضح حاليًا,0.14240570554907844,197
4090,Taiba Investment Company,2026-10-07,18.36,1.0456796917996571,113229.0,2078884.44,2870817.242833334,فوق المتوسط,2026-09-17,13,14,2,6.0,2026-10-15,31,5 من 13 دورة,ضعيف,يحتاج مراقبة,31%,orange,131792.33333333334,95928.71428571429,37.38569761375388,10,3,7,100,90,96.0,فرصة قوية جدًا,fire,45.45454545454545,145.17594161442884,2026-10-15,8.0,6.0,66.66666666666666,69.54621506717086,67.81848602686834,فرصة جيدة,2026-10-14,7.0,5.0,33.33333333333333,191.46569407183625,60.0,فرصة جيدة,2026-10-18,9.0,7.0,58.333333333333336,57.481981332712465,57.99279253308499,فرصة جيدة,46,تحت المراقبة,yellow,,لا يوجد نمط واضح حاليًا,0.4762620707660401,197
4100,Makkah Construction & Development Co.,2026-10-07,77.75,-1.4575411913815026,83238.0,6471754.5,11370313.711666668,طبيعية,2026-10-01,4,14,2,4.0,2026-10-13,24,5 من 13 دورة,غير واضح,لا يوجد نمط واضح,24%,red,136229.66666666666,150037.14285714287,-9.202705361846919,10,3,7,25,100,55.0,فرصة متوسطة,yellow,54.54545454545454,30.585140946802856,2026-10-15,8.0,6.0,50.0,114.44286056285834,70.0,فرصة تاريخية قوية,2026-10-11,4.0,2.0,45.45454545454545,128.5733882008605,67.27272727272727,فرصة جيدة,2026-10-22,13.0,11.0,58.333333333333336,75.0952617385519,65.03810469542076,فرصة جيدة,42,تحت المراقبة,yellow,,لا يوجد نمط واضح حاليًا,0.42951029558357745,197
4110,Batic Investments and Logistics Co.,2026-10-07,1.83,-1.081081081081082,3614305.0,6614178.15,8818110.1955,طبيعية,2026-10-01,4,14,2,3.0,2026-10-12,25,3 من 13 دورة,غير واضح,لا يوجد نمط واضح,25%,red,3485079.0,3437092.5714285714,1.3961343075343358,10,3,7,50,95,68.0,فرصة قوية,green,27.27272727272727,76.77617927427413,2026-10-14,7.0,5.0,50.0,85.54794312717927,64.21917725087171,فرصة جيدة,2026-10-20,11.0,9.0,58.333333333333336,67.41830921286414,61.96732368514566,فرصة جيدة,2026-10-12,5.0,3.0,58.333333333333336,53.711910991449145,56.48476439657966,فرصة جيدة,44,تحت المراقبة,yellow,,لا يوجد نمط واضح حاليًا,0.22934182753054747,197
4130,درب السعوديه,2026-10-07,2.02,0.0,1994042.0,4027964.84,9798811.351000002,فوق المتوسط,2026-09-21,11,15,5,4.0,2026-10-13,45,5 من 14 دورة,ضعيف,متوقع متوسط المدى,45%,yellow,1806495.3333333333,1282224.7142857143,40.88757713110163,10,3,7,100,100,100.0,فرصة قوية جدًا,fire,46.15384615384615,74.94817796066884,2026-10-13,9.0,4.0,53.84615384615385,173.04384783375923,72.3076923076923,فرصة تاريخية قوية,2026-10-20,14.0,9.0,46.15384615384615,117.71757502663299,67.6923076923077,فرصة جيدة,2026-10-14,10.0,5.0,38.46153846153847,147.3843135746814,63.07692307692308,فرصة جيدة,56,فرصة جيدة,orange,,لا يوجد نمط واضح حاليًا,0.30245223534283905,215
4140,صادرات,2026-10-07,2.24,-0.444444444444435,1368599.0,3065661.7600000002,5291811.1335,طبيعية,2026-09-21,11,15,6,14.0,2026-10-27,30,4 من 14 دورة,ضعيف,يحتاج مراقبة,30%,orange,934766.3333333334,775287.7142857143,20.570249742000545,10,3,7,85,35,65.0,فرصة قوية,green,30.76923076923077,114.43590832705647,2026-10-18,13.0,7.0,38.46153846153847,130.346728999879,63.07692307692308,فرصة جيدة,2026-10-13,10.0,4.0,30.76923076923077,105.11111282429329,58.46153846153846,فرصة جيدة,2026-10-19,14.0,8.0,30.76923076923077,131.83262113216472,58.46153846153846,فرصة جيدة,22,فرصة ضعيفة أو بعيدة,red,,لا يوجد نمط واضح حاليًا,0.15565830371468697,216
4141,Al-Omran Industrial & Trading Co.,2026-10-07,19.12,2.630166398282351,349945.0,6690948.4,779770.5858333332,استثنائية,2026-10-07,0,14,2,9.0,2026-10-20,33,4 من 13 دورة,ضعيف,يحتاج مراقبة,33%,orange,144674.0,17726.571428571428,716.1420305272151,10,3,7,100,60,84.0,فرصة قوية جدًا,fire,63.63636363636363,179.67405256840917,2026-10-20,11.0,9.0,41.66666666666667,123.77284843888269,65.0,فرصة جيدة,2026-10-08,3.0,1.0,54.54545454545454,79.66512894348669,64.59332430466739,فرصة جيدة,2026-10-21,12.0,10.0,33.33333333333333,132.12889926453371,60.0,فرصة جيدة,37,تحت المراقبة,yellow,1.0,متوقعة خلال جلسة واحدة,0.9535726868998726,197
4142,Riyadh Cables Group Co.,2026-10-07,109.1,0.8317929759704172,172334.0,18801639.4,22968432.839999996,طبيعية,2026-09-17,13,14,2,11.0,2026-10-22,28,5 من 13 دورة,غير واضح,لا يوجد نمط واضح,28%,red,194559.33333333334,136036.42857142858,43.02002439822665,10,3,7,100,35,74.0,فرصة قوية,green,72.72727272727273,46.51004530446173,2026-10-08,3.0,1.0,45.45454545454545,118.49959165934072,67.27272727272727,فرصة جيدة,2026-10-22,13.0,11.0,50.0,87.76714978695297,65.10685991478118,فرصة جيدة,2026-10-11,4.0,2.0,54.54545454545454,66.98213928640001,59.520128441832725,فرصة جيدة,24,فرصة ضعيفة أو بعيدة,red,,لا يوجد نمط واضح حاليًا,0.140984719053105,197
4143,Al Taiseer Group Talco Industrial Co.,2026-10-07,33.0,-0.24183796856105896,16415.0,541695.0,1424955.2373333338,طبيعية,2026-10-01,4,14,2,3.0,2026-10-12,40,3 من 13 دورة,ضعيف,يحتاج مراقبة,40%,orange,16707.333333333332,30029.285714285714,-44.36320100219627,10,3,7,10,95,44.0,تحتاج مراقبة,orange,0.0,0.0,2026-10-22,13.0,11.0,58.333333333333336,96.82103268116803,73.72841307246722,فرصة تاريخية قوية,2026-10-12,5.0,3.0,50.0,98.23196647726526,69.2927865909061,فرصة جيدة,2026-10-21,12.0,10.0,41.66666666666667,100.36731719081817,65.0,فرصة جيدة,56,فرصة جيدة,orange,,لا يوجد نمط واضح حاليًا,0.14740312442287165,197
4144,Raoom trading Company,2026-10-07,82.0,-1.2642986152919895,96964.0,7951048.0,8707144.079166666,فوق المتوسط,2026-10-06,1,14,2,6.0,2026-10-15,48,6 من 13 دورة,ضعيف,يحتاج مراقبة,48%,orange,119334.66666666667,68468.28571428571,74.29188626781675,10,3,7,100,90,96.0,فرصة قوية جدًا,fire,18.181818181818183,77.22945649642865,2026-10-15,8.0,6.0,58.333333333333336,179.8528390088058,75.0,فرصة تاريخية قوية,2026-10-13,6.0,4.0,50.0,122.8178013262152,70.0,فرصة تاريخية قوية,2026-10-14,7.0,5.0,50.0,144.76636963441146,70.0,فرصة تاريخية قوية,52,فرصة جيدة,orange,,لا يوجد نمط واضح حاليًا,0.2328490104023984,197
4145,Obeikan Glass Co,2026-10-07,23.3,0.8658008658008627,66015.0,1538149.5,3110967.9154999997,طبيعية,2026-10-06,1,14,2,4.0,2026-10-13,46,4 من 13 دورة,ضعيف,متوقع متوسط المدى,46%,yellow,129843.66666666667,54404.42857142857,138.66378174745927,10,3,7,100,100,100.0,فرصة قوية جدًا,fire,27.27272727272727,42.43306843029681,2026-10-13,6.0,4.0,41.66666666666667,169.43272012473196,65.0,فرصة جيدة,2026-10-08,3.0,1.0,36.36363636363637,118.77654808271751,61.81818181818182,فرصة جيدة,2026-10-14,7.0,5.0,33.33333333333333,201.0983063555414,60.0,فرصة جيدة,55,فرصة جيدة,orange,,لا يوجد نمط واضح حاليًا,0.18609138929776542,197
4146,Gas Arabian Services Co,2026-10-07,15.84,-0.25188916876574885,69725.0,1104444.0,3196380.9531666664,طبيعية,2026-09-15,15,14,2,6.0,2026-10-15,43,4 من 13 دورة,ضعيف,يحتاج مراقبة,43%,orange,119856.0,142421.0,-15.843871339198579,10,3,7,10,90,42.0,تحتاج مراقبة,orange,27.27272727272727,272.3022504028473,2026-10-18,9.0,7.0,50.0,120.12578040078728,70.0,فرصة تاريخية قوية,2026-10-15,8.0,6.0,41.66666666666667,161.79490712360223,65.0,فرصة جيدة,2026-10-14,7.0,5.0,58.333333333333336,69.21793106471345,62.68717242588538,فرصة جيدة,49,تحت المراقبة,yellow,,لا يوجد نمط واضح حاليًا,0.4458004992494277,197
4147,سي جي اس,2026-10-07,6.35,-0.3139717425431784,239838.0,1522971.2999999998,3602827.707000001,طبيعية,2026-09-24,9,14,10,5.0,2026-10-14,32,5 من 13 دورة,ضعيف,يحتاج مراقبة,32%,orange,245695.33333333334,340266.14285714284,-27.793188217234434,10,3,7,10,100,46.0,تحتاج مراقبة,orange,41.66666666666667,172.64292641298636,2026-10-14,15.0,5.0,50.0,105.66810912715023,70.0,فرصة تاريخية قوية,2026-10-08,11.0,1.0,41.66666666666667,103.22371748945997,65.0,فرصة جيدة,2026-10-13,14.0,4.0,41.66666666666667,80.40871880850766,57.16348752340306,فرصة جيدة,49,تحت المراقبة,yellow,,لا يوجد نمط واضح حاليًا,0.06846108828084219,205
4148,Alwasail Industrial Company,2026-10-07,2.8,-1.75438596491229,1230622.0,3445741.5999999996,5683752.353999999,مرتفعة,2026-10-07,0,12,10,2.0,2026-10-11,34,3 من 11 دورة,ضعيف,يحتاج مراقبة,34%,orange,830342.0,772773.0,7.4496650374689555,10,3,7,60,85,70.0,فرصة قوية,green,40.0,31.728572440383207,2026-10-11,12.0,2.0,60.0,94.71025820102894,73.88410328041158,فرصة تاريخية قوية,2026-10-14,15.0,5.0,50.0,149.17460142712073,70.0,فرصة تاريخية قوية,2026-10-08,11.0,1.0,30.0,98.22779825082354,57.29111930032942,فرصة جيدة,57,فرصة جيدة,orange,,لا يوجد نمط واضح حاليًا,0.2249110953288061,175
4150,Arriyadh Development Co.,2026-10-07,16.9,2.735562310030391,232997.0,3937649.3,5848284.967166667,طبيعية,2026-09-27,8,14,2,1.0,2026-10-08,33,3 من 13 دورة,ضعيف,يحتاج مراقبة,33%,orange,221113.0,338225.4285714286,-34.62555404721619,10,3,7,10,75,36.0,تحتاج مراقبة,orange,36.36363636363637,79.25788613901933,2026-10-08,3.0,1.0,63.63636363636363,79.76471975397877,70.08770608340969,فرصة تاريخية قوية,2026-10-22,13.0,11.0,58.333333333333336,68.93462588511548,62.57385035404619,فرصة جيدة,2026-10-15,8.0,6.0,33.33333333333333,109.55341924090462,60.0,فرصة جيدة,59,فرصة جيدة,orange,,لا يوجد نمط واضح حاليًا,0.05046164519827646,197
4160,THIMAR Development Holding Co.,2026-10-07,33.4,1.2121212121212077,143998.0,4809533.2,4364221.306,مرتفعة,2026-10-07,0,14,2,2.0,2026-10-11,45,3 من 13 دورة,ضعيف,متوقع متوسط المدى,45%,yellow,116467.33333333333,68225.71428571429,70.70885157111546,10,3,7,100,85,94.0,فرصة قوية جدًا,fire,27.27272727272727,74.47524571016044,2026-10-18,9.0,7.0,50.0,97.61688481046998,69.046753924188,فرصة جيدة,2026-10-12,5.0,3.0,50.0,79.90692532839613,61.962770131358454,فرصة جيدة,2026-10-11,4.0,2.0,36.36363636363637,169.52487049910394,61.81818181818182,فرصة جيدة,60,فرصة جيدة,orange,,لا يوجد نمط واضح حاليًا,0.3504324794646221,197
4161,BinDawood Holding Company,2026-10-07,4.52,-0.6593406593406648,244235.0,1103942.2,2309989.359833333,طبيعية,2026-09-28,7,14,2,12.0,2026-10-25,42,4 من 13 دورة,ضعيف,يحتاج مراقبة,42%,orange,230824.0,910247.0,-74.64160826676715,10,3,7,10,35,20.0,فرصة ضعيفة,red,54.54545454545454,62.073871553591125,2026-10-25,14.0,12.0,50.0,129.0629445063668,70.0,فرصة تاريخية قوية,2026-10-15,8.0,6.0,33.33333333333333,168.66922792269605,60.0,فرصة جيدة,2026-10-19,10.0,8.0,33.33333333333333,92.86712867240576,57.146851468962296,فرصة جيدة,31,تحت المراقبة,yellow,,لا يوجد نمط واضح حاليًا,0.12978318242405912,197
4162,Almunajem Foods Company,2026-10-07,57.35,0.0,15589.0,894029.15,6342767.718333332,طبيعية,2026-08-24,31,14,2,2.0,2026-10-11,42,3 من 13 دورة,ضعيف,يحتاج مراقبة,42%,orange,29641.333333333332,38354.57142857143,-22.71759993841921,10,3,7,10,85,40.0,تحتاج مراقبة,orange,27.27272727272727,379.2975150257326,2026-10-11,4.0,2.0,54.54545454545454,163.1631582835496,72.72727272727272,فرصة تاريخية قوية,2026-10-15,8.0,6.0,33.33333333333333,126.28468788122832,60.0,فرصة جيدة,2026-10-18,9.0,7.0,33.33333333333333,112.81435003377946,60.0,فرصة جيدة,59,فرصة جيدة,orange,,لا يوجد نمط واضح حاليًا,0.04108378600361141,197
4163,Al Dawaa Medical Services Co.,2026-10-07,35.86,-0.7747648035417851,52885.0,1896456.0999999999,3306583.823,طبيعية,2026-10-05,2,14,2,11.0,2026-10-22,22,4 من 13 دورة,غير واضح,لا يوجد نمط واضح,22%,red,93459.33333333333,51956.57142857143,79.87971639317819,10,3,7,100,35,74.0,فرصة قوية,green,36.36363636363637,150.1686352145702,2026-10-14,7.0,5.0,33.33333333333333,125.25082092107179,60.0,فرصة جيدة,2026-10-08,3.0,1.0,27.27272727272727,183.17081811920477,56.36363636363636,فرصة جيدة,2026-10-13,6.0,4.0,41.66666666666667,76.37212662311295,55.54885064924518,فرصة جيدة,21,فرصة ضعيفة أو بعيدة,red,,لا يوجد نمط واضح حاليًا,0.2194162280862408,197
4164,Nahdi Medical Company,2026-10-07,91.5,0.3289473684210495,28578.0,2614887.0,10990775.384999998,طبيعية,2026-09-28,7,14,2,1.0,2026-10-08,18,3 من 13 دورة,غير واضح,لا يوجد نمط واضح,18%,red,47121.666666666664,75184.85714285714,-37.3255886127019,10,3,7,10,75,36.0,تحتاج مراقبة,orange,45.45454545454545,26.50048648567797,2026-10-11,4.0,2.0,36.36363636363637,140.73273775809,61.81818181818182,فرصة جيدة,2026-10-22,13.0,11.0,50.0,65.636241210866,56.254496484346404,فرصة جيدة,2026-10-25,14.0,12.0,50.0,51.12307403036156,50.44922961214462,تحت المراقبة,48,تحت المراقبة,yellow,,لا يوجد نمط واضح حاليًا,0.1721153426491158,197
4165,Al Majed for Oud Company,2026-10-07,116.5,0.08591065292095731,16500.0,1922250.0,3975478.5733333337,طبيعية,2026-09-30,5,14,2,1.0,2026-10-08,28,3 من 13 دورة,غير واضح,لا يوجد نمط واضح,28%,red,19182.666666666668,34600.857142857145,-44.560140266274715,10,3,7,10,75,36.0,تحتاج مراقبة,orange,36.36363636363637,79.13580407998836,2026-10-14,7.0,5.0,66.66666666666666,71.88074619073447,68.75229847629379,فرصة جيدة,2026-10-11,4.0,2.0,36.36363636363637,180.99905709136488,61.81818181818182,فرصة جيدة,2026-10-25,14.0,12.0,33.33333333333333,162.16341850989215,60.0,فرصة جيدة,51,فرصة جيدة,orange,,لا يوجد نمط واضح حاليًا,0.11638447188968709,197
4170,Tourism Enterprise Co.,2026-10-07,12.38,-1.1971268954509067,75322.0,932486.3600000001,2634078.9305000002,طبيعية,2026-10-06,1,14,2,5.0,2026-10-14,33,4 من 13 دورة,ضعيف,يحتاج مراقبة,33%,orange,144734.66666666666,97990.85714285714,47.70221517264972,10,3,7,100,100,100.0,فرصة قوية جدًا,fire,54.54545454545454,30.636132137265374,2026-10-14,7.0,5.0,41.66666666666667,111.69281964669452,65.0,فرصة جيدة,2026-10-22,13.0,11.0,41.66666666666667,137.89063794071245,65.0,فرصة جيدة,2026-10-20,11.0,9.0,33.33333333333333,101.17446181579308,60.0,فرصة جيدة,49,تحت المراقبة,yellow,,لا يوجد نمط واضح حاليًا,0.21969167033481804,197
4180,Fitaihi Holding Group,2026-10-07,2.19,-0.9049773755656116,948355.0,2076897.45,3021980.385166666,مرتفعة,2026-10-07,0,14,2,7.0,2026-10-18,46,3 من 13 دورة,ضعيف,يحتاج مراقبة,46%,orange,546964.6666666666,354349.4285714286,54.35742873123084,10,3,7,100,80,92.0,فرصة قوية جدًا,fire,72.72727272727273,33.557052558371346,2026-10-14,7.0,5.0,33.33333333333333,133.14304752102086,60.0,فرصة جيدة,2026-10-18,9.0,7.0,25.0,329.399811674839,55.0,فرصة جيدة,2026-10-22,13.0,11.0,33.33333333333333,76.50759599305337,50.60303839722135,تحت المراقبة,46,تحت المراقبة,yellow,,لا يوجد نمط واضح حاليًا,0.32972169664691214,197
4190,Jarir Marketing Co.,2026-10-07,16.38,0.06108735491751992,979696.0,16047420.479999999,32194897.531833336,طبيعية,2026-09-30,5,14,2,5.0,2026-10-14,32,4 من 13 دورة,ضعيف,يحتاج مراقبة,32%,orange,1300321.3333333333,1854060.142857143,-29.866280857021575,10,3,7,10,100,46.0,تحتاج مراقبة,orange,45.45454545454545,21.80793838925394,2026-10-11,4.0,2.0,63.63636363636363,79.83765153850729,70.11687879722109,فرصة تاريخية قوية,2026-10-14,7.0,5.0,66.66666666666666,73.02368754188512,69.20947501675404,فرصة جيدة,2026-10-13,6.0,4.0,50.0,75.93457253604082,60.37382901441633,فرصة جيدة,48,تحت المراقبة,yellow,,لا يوجد نمط واضح حاليًا,0.12566160383331598,197
4191,Abdullah Saad Mohammed Abo Moati for Bookstores Co.,2026-10-07,34.76,-0.5151688609044067,187234.0,6508253.84,13358340.031333335,طبيعية,2026-10-05,2,14,2,10.0,2026-10-21,21,4 من 13 دورة,غير واضح,لا يوجد نمط واضح,21%,red,421323.3333333333,496661.71428571426,-15.16895278725694,10,3,7,10,60,30.0,فرصة ضعيفة,red,27.27272727272727,109.85886974095256,2026-10-11,4.0,2.0,45.45454545454545,138.94957449216545,67.27272727272727,فرصة جيدة,2026-10-20,11.0,9.0,50.0,82.41276249849354,62.96510499939742,فرصة جيدة,2026-10-26,15.0,13.0,41.66666666666667,91.61207311936248,61.644829247744994,فرصة جيدة,24,فرصة ضعيفة أو بعيدة,red,,لا يوجد نمط واضح حاليًا,0.18550938543435874,197
4192,Al-Saif Stores for Development & Investment Co.,2026-10-07,6.1,0.16420361247947104,173274.0,1056971.4,716654.9765,فوق المتوسط,2026-09-15,15,14,2,15.0,2026-10-28,42,5 من 13 دورة,ضعيف,يحتاج مراقبة,42%,orange,91915.33333333333,89347.57142857143,2.87390229382416,10,3,7,50,35,44.0,تحتاج مراقبة,orange,54.54545454545454,161.28840288793438,2026-10-22,13.0,11.0,41.66666666666667,97.29108825802959,63.91643530321184,فرصة جيدة,2026-10-13,6.0,4.0,33.33333333333333,147.55447335691812,60.0,فرصة جيدة,2026-10-15,8.0,6.0,33.33333333333333,92.39634803083591,56.95853921233436,فرصة جيدة,23,فرصة ضعيفة أو بعيدة,red,,لا يوجد نمط واضح حاليًا,0.19916832807895687,197
4193,نايس ون,2026-10-07,10.87,-1.4505893019038998,233485.0,2537981.9499999997,5667835.919333333,طبيعية,2026-09-22,10,15,5,2.0,2026-10-11,44,5 من 14 دورة,ضعيف,يحتاج مراقبة,44%,orange,333602.6666666667,333873.71428571426,-0.08118267699733783,10,3,7,40,85,58.0,فرصة متوسطة,yellow,61.53846153846154,41.10227775579648,2026-10-12,8.0,3.0,46.15384615384615,100.46284042277007,67.6923076923077,فرصة جيدة,2026-10-11,7.0,2.0,38.46153846153847,262.7931571882573,63.07692307692308,فرصة جيدة,2026-10-14,10.0,5.0,61.53846153846154,46.31916448666901,55.450742717744525,فرصة جيدة,61,فرصة جيدة,orange,,لا يوجد نمط واضح حاليًا,0.2503698606913942,215
4194,Marketing Home Group for Trading Co.,2026-10-07,37.34,-0.4266666666666576,31742.0,1185246.28,2088076.7086666666,طبيعية,2026-10-06,1,14,2,2.0,2026-10-11,39,5 من 13 دورة,ضعيف,يحتاج مراقبة,39%,orange,75195.66666666667,74594.42857142857,0.8060093853556216,10,3,7,50,85,64.0,فرصة متوسطة,yellow,27.27272727272727,18.511756169837525,2026-10-12,5.0,3.0,58.333333333333336,135.40153722375942,75.0,فرصة تاريخية قوية,2026-10-11,4.0,2.0,54.54545454545454,130.12539317218267,72.72727272727272,فرصة تاريخية قوية,2026-10-13,6.0,4.0,50.0,74.79936786117908,59.91974714447163,فرصة جيدة,60,فرصة جيدة,orange,,لا يوجد نمط واضح حاليًا,0.3796537455656114,197
4200,Aldrees Petroleum & Transport Services Co.,2026-10-07,118.9,-1.1637572734829522,128690.0,15301241.0,34186435.185,طبيعية,2026-09-17,13,14,2,15.0,2026-10-28,28,5 من 13 دورة,غير واضح,لا يوجد نمط واضح,28%,red,143371.33333333334,158176.2857142857,-9.359780016389186,10,3,7,25,35,29.0,فرصة ضعيفة,red,63.63636363636363,82.73267839410367,2026-10-14,7.0,5.0,75.0,61.40132332645721,69.56052933058288,فرصة جيدة,2026-10-11,4.0,2.0,72.72727272727273,29.334639277572883,55.37021934739279,فرصة جيدة,2026-10-19,10.0,8.0,16.666666666666664,192.92861220256412,50.0,تحت المراقبة,12,فرصة ضعيفة أو بعيدة,red,,لا يوجد نمط واضح حاليًا,0.19851475906134264,197
4210,Saudi Research and Media Group,2026-10-07,54.8,-1.9677996422182493,83934.0,4599583.2,12227276.770833334,طبيعية,2026-10-06,1,14,2,14.0,2026-10-27,35,4 من 13 دورة,ضعيف,يحتاج مراقبة,35%,orange,134876.33333333334,128327.85714285714,5.102926469960689,10,3,7,60,35,50.0,فرصة متوسطة,yellow,45.45454545454545,49.623601941958285,2026-10-14,7.0,5.0,50.0,88.75713811371578,65.50285524548632,فرصة جيدة,2026-10-11,4.0,2.0,36.36363636363637,269.02182992043055,61.81818181818182,فرصة جيدة,2026-10-18,9.0,7.0,50.0,58.67659543789182,53.47063817515673,تحت المراقبة,23,فرصة ضعيفة أو بعيدة,red,,لا يوجد نمط واضح حاليًا,0.26537157357014446,197
4220,"Emaar, The Economic City",2026-10-07,9.6,-0.518134715025914,76487.0,734275.2,3044241.049666667,طبيعية,2026-08-30,27,14,2,14.0,2026-10-27,41,4 من 13 دورة,ضعيف,يحتاج مراقبة,41%,orange,113434.0,136377.2857142857,-16.82339224902345,10,3,7,10,35,20.0,فرصة ضعيفة,red,63.63636363636363,109.40395944236347,2026-10-25,14.0,12.0,41.66666666666667,135.33907376156412,65.0,فرصة جيدة,2026-10-08,3.0,1.0,27.27272727272727,137.4511436312475,56.36363636363636,فرصة جيدة,2026-10-22,13.0,11.0,25.0,100.46833338372853,55.0,فرصة جيدة,25,فرصة ضعيفة أو بعيدة,red,,لا يوجد نمط واضح حاليًا,0.026928815596714128,197
4230,Red Sea International Co.,2026-10-07,21.1,-0.9389671361502313,550196.0,11609135.600000001,20264091.287333336,فوق المتوسط,2026-09-30,5,14,2,15.0,2026-10-28,36,6 من 13 دورة,ضعيف,يحتاج مراقبة,36%,orange,498981.6666666667,322340.5714285714,54.79952289444823,10,3,7,100,35,74.0,فرصة قوية,green,54.54545454545454,138.80428062441692,2026-10-22,13.0,11.0,50.0,101.9013886634519,70.0,فرصة تاريخية قوية,2026-10-08,3.0,1.0,54.54545454545454,59.94575064865665,56.705572986735376,فرصة جيدة,2026-10-15,8.0,6.0,33.33333333333333,84.83200765145111,53.93280306058044,تحت المراقبة,22,فرصة ضعيفة أو بعيدة,red,,لا يوجد نمط واضح حاليًا,0.2767132931738921,197
4240,AFG International Company,2026-10-07,14.54,-1.5572105619499015,590126.0,8580432.04,27564098.78483333,طبيعية,2026-10-06,1,14,2,6.0,2026-10-15,45,4 من 13 دورة,ضعيف,يحتاج مراقبة,45%,orange,1517653.0,679788.5714285715,123.25367971554178,10,3,7,100,90,96.0,فرصة قوية جدًا,fire,36.36363636363637,34.60725257580814,2026-10-15,8.0,6.0,50.0,205.08799469824498,70.0,فرصة تاريخية قوية,2026-10-14,7.0,5.0,41.66666666666667,121.3834108519133,65.0,فرصة جيدة,2026-10-18,9.0,7.0,58.333333333333336,73.14481776140981,64.25792710456392,فرصة جيدة,49,تحت المراقبة,yellow,,لا يوجد نمط واضح حاليًا,0.1474364787518837,197
4250,Jabal Omar Development Co.,2026-10-07,17.5,-0.3984063745019937,1069532.0,18716810.0,51966218.31183334,طبيعية,2026-09-29,6,14,2,1.0,2026-10-08,33,4 من 13 دورة,ضعيف,يحتاج مراقبة,33%,orange,1353001.6666666667,1918483.142857143,-29.47544669839114,10,3,7,10,75,36.0,تحتاج مراقبة,orange,18.181818181818183,35.55802572898943,2026-10-08,3.0,1.0,45.45454545454545,119.24524565728693,67.27272727272727,فرصة جيدة,2026-10-15,8.0,6.0,41.66666666666667,84.07993645459878,58.631974581839515,فرصة جيدة,2026-10-22,13.0,11.0,33.33333333333333,94.98996092876877,57.995984371507504,فرصة جيدة,60,فرصة جيدة,orange,,لا يوجد نمط واضح حاليًا,0.17092174510599886,197
4260,United International Transportation Co. Ltd.,2026-10-07,26.68,-1.1851851851851862,515570.0,13755407.6,18776663.543666665,مرتفعة,2026-10-07,0,14,2,5.0,2026-10-14,30,5 من 13 دورة,ضعيف,يحتاج مراقبة,30%,orange,605759.6666666666,227650.85714285713,166.09153783529834,10,3,7,100,100,100.0,فرصة قوية جدًا,fire,63.63636363636363,52.901747323345056,2026-10-12,5.0,3.0,41.66666666666667,110.85484711487466,65.0,فرصة جيدة,2026-10-13,6.0,4.0,41.66666666666667,139.74445686796884,65.0,فرصة جيدة,2026-10-14,7.0,5.0,58.333333333333336,70.5997968002528,63.23991872010112,فرصة جيدة,48,تحت المراقبة,yellow,1.0,متوقعة خلال جلسة واحدة,0.7009351779593398,197
4261,Theeb Rent a Car Company,2026-10-07,19.52,0.15392508978964153,362946.0,7084705.92,16882316.668666665,طبيعية,2026-08-27,28,14,2,1.0,2026-10-08,28,5 من 13 دورة,غير واضح,لا يوجد نمط واضح,28%,red,421906.6666666667,533222.7142857143,-20.876088853071938,10,3,7,10,75,36.0,تحتاج مراقبة,orange,54.54545454545454,63.67365373362293,2026-10-08,3.0,1.0,63.63636363636363,78.45268454221693,69.56289199870496,فرصة جيدة,2026-10-11,4.0,2.0,45.45454545454545,137.5368012907756,67.27272727272727,فرصة جيدة,2026-10-14,7.0,5.0,41.66666666666667,156.67357578887786,65.0,فرصة جيدة,52,فرصة جيدة,orange,,لا يوجد نمط واضح حاليًا,0.09586823080184666,197
4262,Lumi Rental Company,2026-10-07,24.6,-0.4854368932038731,66632.0,1639147.2000000002,4390892.087666666,طبيعية,2026-09-30,5,14,2,10.0,2026-10-21,26,5 من 13 دورة,غير واضح,لا يوجد نمط واضح,26%,red,74667.66666666667,101080.14285714286,-26.13023235216939,10,3,7,10,60,30.0,فرصة ضعيفة,red,45.45454545454545,84.41326063260007,2026-10-08,3.0,1.0,54.54545454545454,80.04024950682629,64.74337253000323,فرصة جيدة,2026-10-12,5.0,3.0,50.0,81.00344987240099,62.4013799489604,فرصة جيدة,2026-10-11,4.0,2.0,45.45454545454545,81.81832124326117,60.000055770031736,فرصة جيدة,26,فرصة ضعيفة أو بعيدة,red,,لا يوجد نمط واضح حاليًا,0.27084646996767314,197
4263,SAL Saudi Logistics Services Company,2026-10-07,176.0,0.2849002849002849,450871.0,79353296.0,39463546.986666664,استثنائية,2026-10-07,0,14,2,6.0,2026-10-15,24,3 من 13 دورة,غير واضح,لا يوجد نمط واضح,24%,red,509034.0,90355.57142857143,463.36758425838235,10,3,7,100,90,96.0,فرصة قوية جدًا,fire,45.45454545454545,50.807522808539616,2026-10-13,6.0,4.0,41.66666666666667,244.14779234555016,65.0,فرصة جيدة,2026-10-18,9.0,7.0,33.33333333333333,131.9714980526712,60.0,فرصة جيدة,2026-10-22,13.0,11.0,41.66666666666667,77.48830095861119,55.99532038344448,فرصة جيدة,35,تحت المراقبة,yellow,,لا يوجد نمط واضح حاليًا,0.32076845328076786,197
4264,Flynas Co.,2026-10-07,43.8,-0.680272108843547,111895.0,4901001.0,15564569.311500002,طبيعية,2026-09-17,13,14,2,1.0,2026-10-08,27,3 من 13 دورة,غير واضح,لا يوجد نمط واضح,27%,red,242843.0,189720.57142857142,28.000352397962725,10,3,7,85,75,81.0,فرصة قوية جدًا,fire,54.54545454545454,70.66415882545947,2026-10-20,11.0,9.0,50.0,104.58493543001997,70.0,فرصة تاريخية قوية,2026-10-22,13.0,11.0,41.66666666666667,105.66090463041307,65.0,فرصة جيدة,2026-10-11,4.0,2.0,36.36363636363637,121.46821347188622,61.81818181818182,فرصة جيدة,50,فرصة جيدة,orange,5.0,متوقعة خلال 5 جلسات,0.5530553770512244,197
4265,Cherry Trading Co.,2026-10-07,22.2,-0.403768506056527,26674.0,592162.7999999999,2484004.7808333337,طبيعية,2026-08-25,30,14,2,1.0,2026-10-08,29,4 من 13 دورة,غير واضح,لا يوجد نمط واضح,29%,red,41152.0,65512.142857142855,-37.1841643315852,10,3,7,10,75,36.0,تحتاج مراقبة,orange,45.45454545454545,47.50345303509182,2026-10-13,6.0,4.0,50.0,100.80867336356032,70.0,فرصة تاريخية قوية,2026-10-08,3.0,1.0,63.63636363636363,78.59369734910885,69.61929712146173,فرصة جيدة,2026-10-25,14.0,12.0,41.66666666666667,71.39188172070907,53.55675268828363,تحت المراقبة,52,فرصة جيدة,orange,,لا يوجد نمط واضح حاليًا,0.02958527121041565,197
4270,Saudi Printing & Packaging Co.,2026-10-07,7.07,-1.805555555555554,509665.0,3603331.5500000003,12991789.54083333,طبيعية,2026-09-24,9,14,2,5.0,2026-10-14,37,7 من 13 دورة,ضعيف,يحتاج مراقبة,37%,orange,884214.0,814440.5714285715,8.567037426566593,10,3,7,60,100,76.0,فرصة قوية,green,36.36363636363637,162.14140011493475,2026-10-14,7.0,5.0,75.0,96.87424987781296,83.7496999511252,فرصة تاريخية قوية,2026-10-21,12.0,10.0,50.0,108.88381364212687,70.0,فرصة تاريخية قوية,2026-10-15,8.0,6.0,41.66666666666667,127.13824445291914,65.0,فرصة جيدة,52,فرصة جيدة,orange,4.0,متوقعة خلال 5 جلسات,0.664302952791427,197
4280,Kingdom Holding Co.,2026-10-07,13.82,-0.5755395683453243,256395.0,3543378.9,11240906.382,طبيعية,2026-10-06,1,14,2,10.0,2026-10-21,46,5 من 13 دورة,ضعيف,يحتاج مراقبة,46%,orange,430057.3333333333,463700.0,-7.2552656171375185,10,3,7,25,60,39.0,تحتاج مراقبة,orange,36.36363636363637,56.82532617900355,2026-10-21,12.0,10.0,50.0,210.0825893147452,70.0,فرصة تاريخية قوية,2026-10-22,13.0,11.0,50.0,112.81564647913937,70.0,فرصة تاريخية قوية,2026-10-08,3.0,1.0,45.45454545454545,165.09111539187057,67.27272727272727,فرصة جيدة,39,تحت المراقبة,yellow,,لا يوجد نمط واضح حاليًا,0.2987512412293181,197
4290,Al Khaleej Training & Education Co.,2026-10-07,12.85,1.4206787687450648,474784.0,6100974.399999999,2711963.8536666664,استثنائية,2026-10-07,0,14,2,11.0,2026-10-22,29,5 من 13 دورة,غير واضح,لا يوجد نمط واضح,29%,red,225170.0,81285.85714285714,177.01005797880845,10,3,7,100,35,74.0,فرصة قوية,green,27.27272727272727,53.780557250045945,2026-10-13,6.0,4.0,58.333333333333336,87.90454539699908,70.16181815879963,فرصة تاريخية قوية,2026-10-14,7.0,5.0,66.66666666666666,74.72328774434905,69.88931509773961,فرصة جيدة,2026-10-22,13.0,11.0,50.0,81.49243589423322,62.59697435769329,فرصة جيدة,24,فرصة ضعيفة أو بعيدة,red,,لا يوجد نمط واضح حاليًا,0.277646893421806,197
4291,National Co. for Learning & Education,2026-10-07,128.5,-1.9083969465648856,11947.0,1535189.5,3869911.87,طبيعية,2026-10-06,1,14,2,1.0,2026-10-08,35,3 من 13 دورة,ضعيف,يحتاج مراقبة,35%,orange,25605.0,10824.857142857143,136.53891836249898,10,3,7,100,75,90.0,فرصة قوية جدًا,fire,36.36363636363637,296.5476356271837,2026-10-08,3.0,1.0,45.45454545454545,108.89445775349168,67.27272727272727,فرصة جيدة,2026-10-21,12.0,10.0,33.33333333333333,154.61822360313346,60.0,فرصة جيدة,2026-10-25,14.0,12.0,33.33333333333333,132.72304452413476,60.0,فرصة جيدة,60,فرصة جيدة,orange,,لا يوجد نمط واضح حاليًا,0.39591297240375345,197
4292,Ataa Educational Company,2026-10-07,38.28,-0.31249999999999334,43905.0,1680683.4000000001,6059805.459333333,طبيعية,2026-10-06,1,14,2,1.0,2026-10-08,34,4 من 13 دورة,ضعيف,يحتاج مراقبة,34%,orange,130713.33333333333,109984.71428571429,18.846818107624475,10,3,7,70,75,72.0,فرصة قوية,green,45.45454545454545,161.35663168786814,2026-10-13,6.0,4.0,50.0,111.64959126091917,70.0,فرصة تاريخية قوية,2026-10-18,9.0,7.0,58.333333333333336,83.27495093567713,68.30998037427085,فرصة جيدة,2026-10-08,3.0,1.0,45.45454545454545,111.59026387772124,67.27272727272727,فرصة جيدة,60,فرصة جيدة,orange,,لا يوجد نمط واضح حاليًا,0.3128745027115272,197
4300,Dar Al Arkan Real Estate Development Co.,2026-10-07,19.27,-1.1287839917906561,682630.0,13154280.1,12336269.139833331,فوق المتوسط,2026-09-17,13,14,2,2.0,2026-10-11,25,4 من 13 دورة,غير واضح,لا يوجد نمط واضح,25%,red,486005.3333333333,513840.5714285714,-5.4170962051227285,10,3,7,25,85,49.0,تحتاج مراقبة,orange,45.45454545454545,24.088725306073137,2026-10-25,14.0,12.0,41.66666666666667,133.27245245588546,65.0,فرصة جيدة,2026-10-20,11.0,9.0,50.0,76.98487406171334,60.79394962468534,فرصة جيدة,2026-10-11,4.0,2.0,54.54545454545454,65.17952487450474,58.799082677074615,فرصة جيدة,48,تحت المراقبة,yellow,,لا يوجد نمط واضح حاليًا,0.2129109898532002,197
4310,Knowledge Economic City,2026-10-07,22.77,1.7881090746535475,1361603.0,31003700.31,19810773.110166665,فوق المتوسط,2026-10-01,4,14,2,7.0,2026-10-18,31,5 من 13 دورة,ضعيف,يحتاج مراقبة,31%,orange,912319.6666666666,1601067.142857143,-43.01802577507085,10,3,7,10,80,38.0,تحتاج مراقبة,orange,36.36363636363637,106.738611672742,2026-10-18,9.0,7.0,58.333333333333336,83.43347010314535,68.37338804125815,فرصة جيدة,2026-10-20,11.0,9.0,41.66666666666667,127.93431553048667,65.0,فرصة جيدة,2026-10-12,5.0,3.0,33.33333333333333,168.9493675780723,60.0,فرصة جيدة,43,تحت المراقبة,yellow,,لا يوجد نمط واضح حاليًا,0.34318738704614477,197
4320,Alandalus Property Co.,2026-10-07,14.01,0.3581661891117402,9666.0,135420.66,911651.7653333334,طبيعية,2026-10-01,4,14,2,2.0,2026-10-11,43,5 من 13 دورة,ضعيف,يحتاج مراقبة,43%,orange,14711.333333333334,33325.0,-55.85496374093524,10,3,7,10,85,40.0,تحتاج مراقبة,orange,36.36363636363637,51.092397347547035,2026-10-11,4.0,2.0,63.63636363636363,131.43817835073767,78.18181818181819,فرصة تاريخية قوية,2026-10-13,6.0,4.0,41.66666666666667,174.4758228406251,65.0,فرصة جيدة,2026-10-14,7.0,5.0,41.66666666666667,130.3282181396104,65.0,فرصة جيدة,61,فرصة جيدة,orange,,لا يوجد نمط واضح حاليًا,0.35426687699510434,197
4321,Arabian Centres Co.,2026-10-07,14.1,-1.2605042016806705,457620.0,6452442.0,9379056.514166666,طبيعية,2026-10-06,1,14,2,4.0,2026-10-13,31,4 من 13 دورة,ضعيف,يحتاج مراقبة,31%,orange,837783.0,704542.8571428572,18.91157386755342,10,3,7,70,100,82.0,فرصة قوية جدًا,fire,54.54545454545454,47.254650233289844,2026-10-13,6.0,4.0,66.66666666666666,71.24018661255433,68.49607464502172,فرصة جيدة,2026-10-25,14.0,12.0,66.66666666666666,69.50506510955624,67.8020260438225,فرصة جيدة,2026-10-14,7.0,5.0,33.33333333333333,69.83248329644036,47.93299331857614,تحت المراقبة,51,فرصة جيدة,orange,,لا يوجد نمط واضح حاليًا,0.11965701932901196,197
4322,Retal Urban Development Company,2026-10-07,8.77,-0.5668934240362893,200801.0,1761024.77,12590732.190499999,طبيعية,2026-09-30,5,14,2,1.0,2026-10-08,44,5 من 13 دورة,ضعيف,يحتاج مراقبة,44%,orange,362191.0,931608.2857142857,-61.12196450439471,10,3,7,10,75,36.0,تحتاج مراقبة,orange,54.54545454545454,52.389175113236924,2026-10-08,3.0,1.0,45.45454545454545,294.17757296226426,67.27272727272727,فرصة جيدة,2026-10-15,8.0,6.0,41.66666666666667,105.62661812858434,65.0,فرصة جيدة,2026-10-11,4.0,2.0,36.36363636363637,136.38994896076264,61.81818181818182,فرصة جيدة,64,فرصة جيدة,orange,,لا يوجد نمط واضح حاليًا,0.32001542840726366,197
4323,Sumou Real Estate Co.,2026-10-07,24.08,-0.2072109407376739,16748.0,403291.83999999997,1471572.3053333336,طبيعية,2026-09-16,14,14,2,1.0,2026-10-08,39,4 من 13 دورة,ضعيف,يحتاج مراقبة,39%,orange,49194.333333333336,31955.714285714286,53.94534102254609,10,3,7,100,75,90.0,فرصة قوية جدًا,fire,27.27272727272727,56.179842720727116,2026-10-08,3.0,1.0,45.45454545454545,138.09956022906158,67.27272727272727,فرصة جيدة,2026-10-11,4.0,2.0,45.45454545454545,70.90109634283601,55.63316580986168,فرصة جيدة,2026-10-13,6.0,4.0,25.0,208.9921378353481,55.0,فرصة جيدة,62,فرصة جيدة,orange,,لا يوجد نمط واضح حاليًا,0.3175352558692152,197
4324,Banan Real Estate Company,2026-10-07,3.15,3.2786885245901667,1853968.0,5839999.2,1816838.0071666664,استثنائية,2026-10-07,0,14,2,8.0,2026-10-19,39,6 من 13 دورة,ضعيف,يحتاج مراقبة,39%,orange,716319.0,925788.4285714285,-22.62605819070972,10,3,7,10,60,30.0,فرصة ضعيفة,red,36.36363636363637,121.4716807010013,2026-10-19,10.0,8.0,66.66666666666666,122.86317544737811,80.0,فرصة تاريخية قوية,2026-10-21,12.0,10.0,50.0,113.13228315977047,70.0,فرصة تاريخية قوية,2026-10-18,9.0,7.0,75.0,53.73326363459731,66.49330545383893,فرصة جيدة,43,تحت المراقبة,yellow,,لا يوجد نمط واضح حاليًا,0.40030327992832415,197
4325,Umm Al Qura for Development and Construction Company,2026-10-07,16.96,-1.3379872018615497,567094.0,9617914.24,22400148.374999996,طبيعية,2026-09-30,5,14,2,2.0,2026-10-11,24,4 من 13 دورة,غير واضح,لا يوجد نمط واضح,24%,red,698173.6666666666,1624710.2857142857,-57.02780533824697,10,3,7,10,85,40.0,تحتاج مراقبة,orange,18.181818181818183,17.527957692694585,2026-10-08,3.0,1.0,63.63636363636363,80.87597478424843,70.53220809551755,فرصة تاريخية قوية,2026-10-13,6.0,4.0,41.66666666666667,129.5130643961345,65.0,فرصة جيدة,2026-10-11,4.0,2.0,63.63636363636363,54.567292046881434,60.00873500057075,فرصة جيدة,47,تحت المراقبة,yellow,,لا يوجد نمط واضح حاليًا,0.3193485465320859,197
4326,Dar Al Majed Real Estate Co.,2026-10-07,5.95,0.0,159648.0,949905.6,6422174.819999999,طبيعية,2026-08-26,29,14,2,11.0,2026-10-22,23,5 من 13 دورة,غير واضح,لا يوجد نمط واضح,23%,red,242200.0,403252.5714285714,-39.93838671828504,10,3,7,10,35,20.0,فرصة ضعيفة,red,54.54545454545454,49.503093719085335,2026-10-08,3.0,1.0,45.45454545454545,86.88441136890815,62.02649182029053,فرصة جيدة,2026-10-21,12.0,10.0,33.33333333333333,103.27695578340911,60.0,فرصة جيدة,2026-10-22,13.0,11.0,50.0,68.2260837039983,57.29043348159932,فرصة جيدة,22,فرصة ضعيفة أو بعيدة,red,,لا يوجد نمط واضح حاليًا,0.027105130525288224,197
4327,Alramz Real Estate Co.,2026-10-07,53.75,-0.738688827331484,34756.0,1868135.0,7708530.149833334,طبيعية,2026-09-28,7,14,2,5.0,2026-10-14,45,4 من 13 دورة,ضعيف,متوقع متوسط المدى,45%,yellow,73008.33333333333,181770.2857142857,-59.83483601489687,10,3,7,10,100,46.0,تحتاج مراقبة,orange,36.36363636363637,69.62018315975813,2026-10-14,7.0,5.0,50.0,141.46644358221644,70.0,فرصة تاريخية قوية,2026-10-22,13.0,11.0,41.66666666666667,126.09628459379641,65.0,فرصة جيدة,2026-10-25,14.0,12.0,41.66666666666667,105.93740941893853,65.0,فرصة جيدة,52,فرصة جيدة,orange,,لا يوجد نمط واضح حاليًا,0.09067733589577472,197
4328,Ladun Investment Company,2026-10-07,1.81,-0.5494505494505499,5028200.0,9101042.0,6872489.647499999,طبيعية,2026-10-05,2,14,2,4.0,2026-10-13,50,7 من 13 دورة,متوسط,متوقع متوسط المدى,50%,yellow,9209087.0,12741951.0,-27.726240667539848,10,3,7,10,100,46.0,تحتاج مراقبة,orange,27.27272727272727,134.657571253783,2026-10-13,6.0,4.0,66.66666666666666,306.4347925869553,80.0,فرصة تاريخية قوية,2026-10-14,7.0,5.0,50.0,250.76942919641684,70.0,فرصة تاريخية قوية,2026-10-18,9.0,7.0,41.66666666666667,121.21769598804967,65.0,فرصة جيدة,65,فرصة جيدة,orange,,لا يوجد نمط واضح حاليًا,0.47009217781541435,197
4330,Riyad REIT,2026-10-07,4.38,-1.1286681715575582,146662.0,642379.5599999999,502287.157,مرتفعة,2026-10-07,0,14,2,7.0,2026-10-18,30,4 من 13 دورة,ضعيف,يحتاج مراقبة,30%,orange,141870.66666666666,71543.57142857143,98.29967086324348,10,3,7,100,80,92.0,فرصة قوية جدًا,fire,45.45454545454545,82.77678302912823,2026-10-22,13.0,11.0,50.0,128.07968950041052,70.0,فرصة تاريخية قوية,2026-10-18,9.0,7.0,41.66666666666667,100.68476364633409,65.0,فرصة جيدة,2026-10-21,12.0,10.0,58.333333333333336,68.02395944786677,62.20958377914671,فرصة جيدة,42,تحت المراقبة,yellow,,لا يوجد نمط واضح حاليًا,0.37178926464469736,197
4331,AlJazira REIT Fund,2026-10-07,10.65,0.4716981132075539,20166.0,214767.9,612967.8465,طبيعية,2026-09-24,9,14,2,6.0,2026-10-15,48,5 من 13 دورة,ضعيف,يحتاج مراقبة,48%,orange,42556.666666666664,58772.71428571428,-27.591115734787852,10,3,7,10,90,42.0,تحتاج مراقبة,orange,27.27272727272727,77.50832082644159,2026-10-19,10.0,8.0,58.333333333333336,90.5979335516618,71.23917342066471,فرصة تاريخية قوية,2026-10-14,7.0,5.0,50.0,126.80746100022351,70.0,فرصة تاريخية قوية,2026-10-15,8.0,6.0,50.0,212.44520652241394,70.0,فرصة تاريخية قوية,51,فرصة جيدة,orange,,لا يوجد نمط واضح حاليًا,0.23148402633813206,197
4332,Jadwa REIT Al-Haramain Fund,2026-10-07,4.71,0.21276595744680396,41475.0,195347.25,270527.8606666667,مرتفعة,2026-10-07,0,14,2,3.0,2026-10-12,33,4 من 13 دورة,ضعيف,يحتاج مراقبة,33%,orange,25106.333333333332,15927.285714285714,57.63095974861947,10,3,7,100,95,98.0,فرصة قوية جدًا,fire,54.54545454545454,127.15213318240302,2026-10-18,9.0,7.0,41.66666666666667,170.8722862310401,65.0,فرصة جيدة,2026-10-19,10.0,8.0,41.66666666666667,114.64285591956109,65.0,فرصة جيدة,2026-10-26,15.0,13.0,41.66666666666667,97.56985559486462,64.02794223794585,فرصة جيدة,54,فرصة جيدة,orange,,لا يوجد نمط واضح حاليًا,0.21531284421400673,197
4333,Taleem REIT Fund,2026-10-07,10.24,0.293829578844264,1893.0,19384.32,419367.7453333333,طبيعية,2026-09-30,5,14,2,4.0,2026-10-13,46,4 من 13 دورة,ضعيف,متوقع متوسط المدى,46%,yellow,2573.3333333333335,24325.14285714286,-89.42109672923175,10,3,7,10,100,46.0,تحتاج مراقبة,orange,27.27272727272727,74.66987402265471,2026-10-13,6.0,4.0,41.66666666666667,172.13979605989897,65.0,فرصة جيدة,2026-10-22,13.0,11.0,41.66666666666667,120.44616966584742,65.0,فرصة جيدة,2026-10-14,7.0,5.0,33.33333333333333,156.3929033966413,60.0,فرصة جيدة,55,فرصة جيدة,orange,,لا يوجد نمط واضح حاليًا,0.16946223981684885,197
4334,AL Maather REIT Fund,2026-10-07,7.89,0.12690355329948969,9781.0,77172.09,569350.7611666668,طبيعية,2026-09-30,5,14,2,6.0,2026-10-15,33,4 من 13 دورة,ضعيف,يحتاج مراقبة,33%,orange,13562.0,131098.0,-89.65506720163542,10,3,7,10,90,42.0,تحتاج مراقبة,orange,27.27272727272727,113.07426677588099,2026-10-15,8.0,6.0,66.66666666666666,73.89159818629977,69.55663927451991,فرصة جيدة,2026-10-19,10.0,8.0,41.66666666666667,204.26037098274102,65.0,فرصة جيدة,2026-10-26,15.0,13.0,41.66666666666667,154.47104328773432,65.0,فرصة جيدة,46,تحت المراقبة,yellow,,لا يوجد نمط واضح حاليًا,0.22958927721800637,197
4335,Musharaka REIT Fund,2026-10-07,3.26,0.6172839506172707,71336.0,232555.36,436976.44816666667,طبيعية,2026-09-20,12,14,2,6.0,2026-10-15,31,5 من 13 دورة,ضعيف,يحتاج مراقبة,31%,orange,51300.666666666664,52191.0,-1.7059135355393384,10,3,7,40,90,60.0,فرصة متوسطة,yellow,36.36363636363637,68.66628367040724,2026-10-12,5.0,3.0,50.0,111.64378227397981,70.0,فرصة تاريخية قوية,2026-10-11,4.0,2.0,45.45454545454545,232.7662823968223,67.27272727272727,فرصة جيدة,2026-10-14,7.0,5.0,41.66666666666667,102.67059176259377,65.0,فرصة جيدة,46,تحت المراقبة,yellow,,لا يوجد نمط واضح حاليًا,0.1664043409178335,197
4336,Mulkia Gulf Real Estate REIT Fund,2026-10-07,4.4,0.0,34444.0,151553.6,240954.7711666667,طبيعية,2026-09-29,6,14,2,4.0,2026-10-13,33,6 من 13 دورة,ضعيف,يحتاج مراقبة,33%,orange,34233.333333333336,55994.0,-38.86249717231608,10,3,7,10,100,46.0,تحتاج مراقبة,orange,36.36363636363637,64.95126387659947,2026-10-13,6.0,4.0,58.333333333333336,106.59265645219479,75.0,فرصة تاريخية قوية,2026-10-15,8.0,6.0,75.0,34.09299459219053,58.63719783687621,فرصة جيدة,2026-10-21,12.0,10.0,41.66666666666667,81.01405623133282,57.405622492533126,فرصة جيدة,53,فرصة جيدة,orange,,لا يوجد نمط واضح حاليًا,0.1714579251879608,197
4337,Al Aziziah REIT Fund,2026-10-07,4.15,-0.7177033492822814,5796.0,24053.4,205084.68916666665,طبيعية,2026-09-27,8,14,2,4.0,2026-10-13,46,4 من 13 دورة,ضعيف,متوقع متوسط المدى,46%,yellow,26106.0,73440.57142857143,-64.45289096723492,10,3,7,10,100,46.0,تحتاج مراقبة,orange,45.45454545454545,185.47698347564338,2026-10-18,9.0,7.0,50.0,252.63654624238848,70.0,فرصة تاريخية قوية,2026-10-14,7.0,5.0,50.0,96.46080564477701,68.5843222579108,فرصة جيدة,2026-10-13,6.0,4.0,41.66666666666667,187.0769262964544,65.0,فرصة جيدة,55,فرصة جيدة,orange,,لا يوجد نمط واضح حاليًا,0.21709668811319077,197
4338,AlAhli REIT Fund 1,2026-10-07,6.25,0.8064516129032229,15569.0,97306.25,830978.3581666667,طبيعية,2026-09-21,11,14,2,2.0,2026-10-11,38,5 من 13 دورة,ضعيف,يحتاج مراقبة,38%,orange,51759.666666666664,81109.71428571429,-36.185613372598205,10,3,7,10,85,40.0,تحتاج مراقبة,orange,63.63636363636363,60.39178207768866,2026-10-11,4.0,2.0,63.63636363636363,117.44165901545891,78.18181818181819,فرصة تاريخية قوية,2026-10-20,11.0,9.0,50.0,105.93934011854672,70.0,فرصة تاريخية قوية,2026-10-08,3.0,1.0,45.45454545454545,131.51785432784982,67.27272727272727,فرصة جيدة,59,فرصة جيدة,orange,,لا يوجد نمط واضح حاليًا,0.4147827711057888,197
4339,Derayah REIT Fund,2026-10-07,5.26,0.3816793893129689,54810.0,288300.6,607365.3648333334,فوق المتوسط,2026-10-01,4,14,2,12.0,2026-10-25,25,4 من 13 دورة,غير واضح,لا يوجد نمط واضح,25%,red,36119.666666666664,51789.57142857143,-30.25687282142664,10,3,7,10,35,20.0,فرصة ضعيفة,red,27.27272727272727,66.82854195653431,2026-10-22,13.0,11.0,41.66666666666667,144.71285377279827,65.0,فرصة جيدة,2026-10-25,14.0,12.0,50.0,82.87368620945415,63.14947448378166,فرصة جيدة,2026-10-21,12.0,10.0,33.33333333333333,215.69280081849857,60.0,فرصة جيدة,19,فرصة ضعيفة أو بعيدة,red,,لا يوجد نمط واضح حاليًا,0.1847030017449909,197
4340,Al Rajhi REIT Fund,2026-10-07,7.84,0.9009009009009046,91956.0,720935.04,1787344.8731666666,طبيعية,2026-10-04,3,14,2,1.0,2026-10-08,39,4 من 13 دورة,ضعيف,يحتاج مراقبة,39%,orange,175579.0,225178.7142857143,-22.026821870374704,10,3,7,10,75,36.0,تحتاج مراقبة,orange,45.45454545454545,30.621891383141048,2026-10-11,4.0,2.0,54.54545454545454,87.70626654706227,67.80977934609763,فرصة جيدة,2026-10-08,3.0,1.0,45.45454545454545,142.67910411456143,67.27272727272727,فرصة جيدة,2026-10-12,5.0,3.0,33.33333333333333,106.14809402373332,60.0,فرصة جيدة,62,فرصة جيدة,orange,,لا يوجد نمط واضح حاليًا,0.22646528235319166,197
4342,Jadwa REIT Saudi Fund,2026-10-07,8.75,0.0,223303.0,1953901.25,5127762.897833333,طبيعية,2026-08-31,26,14,2,4.0,2026-10-13,45,4 من 13 دورة,ضعيف,متوقع متوسط المدى,45%,yellow,338472.6666666667,454963.0,-25.60435317450722,10,3,7,10,100,46.0,تحتاج مراقبة,orange,27.27272727272727,41.618136584742224,2026-10-20,11.0,9.0,58.333333333333336,95.09343327052032,73.03737330820813,فرصة تاريخية قوية,2026-10-13,6.0,4.0,41.66666666666667,228.96740293057593,65.0,فرصة جيدة,2026-10-11,4.0,2.0,36.36363636363637,218.5400468466774,61.81818181818182,فرصة جيدة,55,فرصة جيدة,orange,,لا يوجد نمط واضح حاليًا,0.06008071940240802,197
4344,SEDCO Capital REIT Fund,2026-10-07,6.75,0.8968609865470792,94487.0,637787.25,1317530.0228333334,طبيعية,2026-09-27,8,14,2,15.0,2026-10-28,24,4 من 13 دورة,غير واضح,لا يوجد نمط واضح,24%,red,105526.33333333333,194560.42857142858,-45.76166689795728,10,3,7,10,35,20.0,فرصة ضعيفة,red,54.54545454545454,66.17404213828009,2026-10-18,9.0,7.0,50.0,86.98727857122672,64.79491142849069,فرصة جيدة,2026-10-19,10.0,8.0,58.333333333333336,65.50221141819779,61.20088456727912,فرصة جيدة,2026-10-11,4.0,2.0,27.27272727272727,132.7874753369038,56.36363636363636,فرصة جيدة,10,فرصة ضعيفة أو بعيدة,red,,لا يوجد نمط واضح حاليًا,0.39354333545560105,197
4345,Alinma Retail REIT Fund,2026-10-07,4.47,-0.6666666666666722,111813.0,499804.11,1196783.6751666667,طبيعية,2026-10-01,4,14,2,10.0,2026-10-21,29,5 من 13 دورة,غير واضح,لا يوجد نمط واضح,29%,red,56604.666666666664,296015.0,-80.87777083368523,10,3,7,10,60,30.0,فرصة ضعيفة,red,36.36363636363637,82.08225602121185,2026-10-18,9.0,7.0,41.66666666666667,134.93943173180168,65.0,فرصة جيدة,2026-10-21,12.0,10.0,41.66666666666667,102.84471339531777,65.0,فرصة جيدة,2026-10-11,4.0,2.0,36.36363636363637,115.21801569048276,61.81818181818182,فرصة جيدة,27,فرصة ضعيفة أو بعيدة,red,,لا يوجد نمط واضح حاليًا,0.24239028461653914,197
4346,MEFIC REIT Fund,2026-10-07,3.11,-0.6389776357827481,173467.0,539482.37,268870.93216666667,مرتفعة,2026-10-07,0,14,2,13.0,2026-10-26,34,5 من 13 دورة,ضعيف,يحتاج مراقبة,34%,orange,195252.0,113724.14285714286,71.68913749938761,10,3,7,100,35,74.0,فرصة قوية,green,63.63636363636363,27.498963928162564,2026-10-26,15.0,13.0,50.0,118.39127005677251,70.0,فرصة تاريخية قوية,2026-10-15,8.0,6.0,41.66666666666667,90.21120097884372,61.0844803915375,فرصة جيدة,2026-10-08,3.0,1.0,45.45454545454545,76.06010400007395,57.69676887275685,فرصة جيدة,27,فرصة ضعيفة أو بعيدة,red,,لا يوجد نمط واضح حاليًا,0.44630054351199233,197
4347,Bonyan REIT Fund,2026-10-07,9.4,-0.3181336161187631,164746.0,1548612.4000000001,1087974.4563333332,مرتفعة,2026-10-07,0,14,2,3.0,2026-10-12,23,4 من 13 دورة,غير واضح,لا يوجد نمط واضح,23%,red,90639.66666666667,97015.57142857143,-6.572042681415402,10,3,7,25,95,53.0,فرصة متوسطة,yellow,27.27272727272727,141.90100917918576,2026-10-21,12.0,10.0,50.0,142.68446503978154,70.0,فرصة تاريخية قوية,2026-10-19,10.0,8.0,41.66666666666667,172.0349303912755,65.0,فرصة جيدة,2026-10-25,14.0,12.0,41.66666666666667,124.76296587911854,65.0,فرصة جيدة,44,تحت المراقبة,yellow,,لا يوجد نمط واضح حاليًا,0.36133274489785705,197
4348,Alkhabeer REIT Fund,2026-10-07,5.58,1.0869565217391397,114586.0,639389.88,663915.1326666666,فوق المتوسط,2026-10-06,1,14,2,3.0,2026-10-12,30,6 من 13 دورة,ضعيف,يحتاج مراقبة,30%,orange,125919.66666666667,93944.0,34.03694399500412,10,3,7,100,95,98.0,فرصة قوية جدًا,fire,9.090909090909092,98.49919519678699,2026-10-14,7.0,5.0,58.333333333333336,76.6259189031455,65.65036756125821,فرصة جيدة,2026-10-12,5.0,3.0,50.0,88.3320146369597,65.33280585478389,فرصة جيدة,2026-10-25,14.0,12.0,33.33333333333333,135.98829108613975,60.0,فرصة جيدة,55,فرصة جيدة,orange,7.0,متوقعة بعد 7 جلسة,0.5311613283941792,197
4349,Alinma Hospitality REIT Fund,2026-10-07,7.23,-0.5502063273727531,246045.0,1778905.35,3715590.205333333,فوق المتوسط,2026-09-08,20,14,2,3.0,2026-10-12,42,3 من 13 دورة,ضعيف,يحتاج مراقبة,42%,orange,141700.33333333334,121505.28571428571,16.620715304958324,10,3,7,70,95,80.0,فرصة قوية جدًا,fire,45.45454545454545,144.76347795622328,2026-10-12,5.0,3.0,41.66666666666667,132.93225579399115,65.0,فرصة جيدة,2026-10-14,7.0,5.0,33.33333333333333,284.6250064194263,60.0,فرصة جيدة,2026-10-25,14.0,12.0,33.33333333333333,178.80386769467145,60.0,فرصة جيدة,56,فرصة جيدة,orange,,لا يوجد نمط واضح حاليًا,0.036506475858334816,197
4350,Alistithmar AREIC Diversified REIT Fund,2026-10-07,6.61,-0.6015037593984968,19887.0,131453.07,546998.5868333334,طبيعية,2026-09-17,13,14,2,12.0,2026-10-25,43,4 من 13 دورة,ضعيف,يحتاج مراقبة,43%,orange,18290.0,19281.285714285714,-5.141180567389547,10,3,7,25,35,29.0,فرصة ضعيفة,red,27.27272727272727,471.87165324533527,2026-10-11,4.0,2.0,54.54545454545454,109.21120600585293,72.72727272727272,فرصة تاريخية قوية,2026-10-25,14.0,12.0,50.0,142.15128447114168,70.0,فرصة تاريخية قوية,2026-10-12,5.0,3.0,41.66666666666667,152.95092687947448,65.0,فرصة جيدة,32,تحت المراقبة,yellow,,لا يوجد نمط واضح حاليًا,0.20232255140777441,197
5110,Saudi Energy Co.,2026-10-07,15.57,-0.1923076923076882,359037.0,5590206.09,17480039.70616667,طبيعية,2026-09-24,9,14,2,4.0,2026-10-13,29,4 من 13 دورة,غير واضح,لا يوجد نمط واضح,29%,red,488504.6666666667,868640.4285714285,-43.7621539823947,10,3,7,10,100,46.0,تحتاج مراقبة,orange,81.81818181818183,30.155071139103143,2026-10-13,6.0,4.0,41.66666666666667,89.27722648813767,60.71089059525508,فرصة جيدة,2026-10-11,4.0,2.0,45.45454545454545,80.6612973360672,59.537246207154155,فرصة جيدة,2026-10-15,8.0,6.0,66.66666666666666,41.616951794871966,56.64678071794878,فرصة جيدة,43,تحت المراقبة,yellow,,لا يوجد نمط واضح حاليًا,0.20884545620336545,197
6001,Halwani Brothers Company,2026-10-07,28.34,-0.9090909090909146,7953.0,225388.02,860549.9513333334,طبيعية,2026-08-30,27,14,2,3.0,2026-10-12,24,5 من 13 دورة,غير واضح,لا يوجد نمط واضح,24%,red,11139.333333333334,11773.42857142857,-5.385816325705173,10,3,7,25,95,53.0,فرصة متوسطة,yellow,45.45454545454545,60.42897633915434,2026-10-13,6.0,4.0,41.66666666666667,154.70669293553073,65.0,فرصة جيدة,2026-10-15,8.0,6.0,41.66666666666667,122.29834937230969,65.0,فرصة جيدة,2026-10-11,4.0,2.0,36.36363636363637,121.61523055223877,61.81818181818182,فرصة جيدة,45,تحت المراقبة,yellow,,لا يوجد نمط واضح حاليًا,0.10846105683963966,197
6002,Herfy Food Services Co.,2026-10-07,14.07,1.0775862068965543,73066.0,1028038.62,1831908.4491666667,طبيعية,2026-10-06,1,14,2,14.0,2026-10-27,42,4 من 13 دورة,ضعيف,يحتاج مراقبة,42%,orange,146820.33333333334,112096.28571428571,30.976983222756637,10,3,7,100,35,74.0,فرصة قوية,green,18.181818181818183,190.84881551857308,2026-10-25,14.0,12.0,50.0,92.47732890537334,66.99093156214934,فرصة جيدة,2026-10-21,12.0,10.0,25.0,203.10714527770324,55.0,فرصة جيدة,2026-10-18,9.0,7.0,41.66666666666667,73.0053083056652,54.20212332226608,تحت المراقبة,26,فرصة ضعيفة أو بعيدة,red,,لا يوجد نمط واضح حاليًا,0.28693219645699186,197
6004,كاتريون,2026-10-07,60.8,-1.6181229773462786,165569.0,10066595.2,9428369.784166668,فوق المتوسط,2026-10-06,1,15,5,2.0,2026-10-11,26,3 من 14 دورة,غير واضح,لا يوجد نمط واضح,26%,red,195747.33333333334,140983.2857142857,38.844354734384254,10,3,7,100,85,94.0,فرصة قوية جدًا,fire,46.15384615384615,61.27749327692076,2026-10-12,8.0,3.0,46.15384615384615,129.4784661901225,67.6923076923077,فرصة جيدة,2026-10-11,7.0,2.0,46.15384615384615,65.0471648323796,53.71117362525953,تحت المراقبة,2026-10-13,9.0,4.0,46.15384615384615,58.50405010077434,51.09392773261743,تحت المراقبة,47,تحت المراقبة,yellow,,لا يوجد نمط واضح حاليًا,0.21168266030716226,215
6010,National Agricultural Development Co.,2026-10-07,13.59,-1.235465116279069,683137.0,9283831.83,7893410.418500002,مرتفعة,2026-10-07,0,14,2,1.0,2026-10-08,30,3 من 13 دورة,ضعيف,يحتاج مراقبة,30%,orange,612061.0,259861.85714285713,135.5332201229994,10,3,7,100,75,90.0,فرصة قوية جدًا,fire,63.63636363636363,47.66898275866862,2026-10-13,6.0,4.0,50.0,109.1685460024055,70.0,فرصة تاريخية قوية,2026-10-08,3.0,1.0,54.54545454545454,69.08360862126835,60.36071617578006,فرصة جيدة,2026-10-19,10.0,8.0,41.66666666666667,81.63104980566898,57.6524199222676,فرصة جيدة,58,فرصة جيدة,orange,,لا يوجد نمط واضح حاليًا,0.1994528583773608,197
6012,Raydan Food Co.,2026-10-07,18.23,0.05488474204172098,484470.0,8831888.1,5043710.654333334,فوق المتوسط,2026-10-05,2,14,2,12.0,2026-10-25,47,6 من 13 دورة,ضعيف,يحتاج مراقبة,47%,orange,788490.3333333334,462974.71428571426,70.30958905603096,10,3,7,100,35,74.0,فرصة قوية,green,27.27272727272727,228.40761750311398,2026-10-25,14.0,12.0,58.333333333333336,281.1389528578938,75.0,فرصة تاريخية قوية,2026-10-19,10.0,8.0,50.0,142.16243739654644,70.0,فرصة تاريخية قوية,2026-10-22,13.0,11.0,50.0,154.21585644028048,70.0,فرصة تاريخية قوية,34,تحت المراقبة,yellow,,لا يوجد نمط واضح حاليًا,0.3551961276252868,197
6013,Development Works Food Co.,2026-10-07,82.8,-0.6002400960384154,8688.0,719366.4,2055218.7333333336,طبيعية,2026-10-05,2,14,2,8.0,2026-10-19,47,4 من 13 دورة,ضعيف,يحتاج مراقبة,47%,orange,31231.333333333332,24829.14285714286,25.784983851541575,10,3,7,85,60,75.0,فرصة قوية,green,54.54545454545454,124.14325403010129,2026-10-08,3.0,1.0,45.45454545454545,118.72453099700849,67.27272727272727,فرصة جيدة,2026-10-19,10.0,8.0,41.66666666666667,178.0838839859613,65.0,فرصة جيدة,2026-10-20,11.0,9.0,41.66666666666667,108.6531648816422,65.0,فرصة جيدة,44,تحت المراقبة,yellow,,لا يوجد نمط واضح حاليًا,0.46764564680535436,197
6014,AlAmar Foods Co.,2026-10-07,39.66,-0.7507507507507614,16492.0,654072.72,3254093.643666667,طبيعية,2026-08-13,38,14,2,5.0,2026-10-14,26,3 من 13 دورة,غير واضح,لا يوجد نمط واضح,26%,red,18800.0,32621.571428571428,-42.369422511834856,10,3,7,10,100,46.0,تحتاج مراقبة,orange,27.27272727272727,72.60615056600246,2026-10-08,3.0,1.0,63.63636363636363,90.71234348452005,74.4667555756262,فرصة تاريخية قوية,2026-10-20,11.0,9.0,33.33333333333333,155.5932125015794,60.0,فرصة جيدة,2026-10-18,9.0,7.0,25.0,125.34910588654509,55.0,فرصة جيدة,39,تحت المراقبة,yellow,,لا يوجد نمط واضح حاليًا,0.010654358881074343,197
6015,Americana Restaurants International PLC,2026-10-07,2.47,0.0,7869104.0,19436686.880000003,38331124.73516668,طبيعية,2026-10-05,2,14,2,11.0,2026-10-22,41,3 من 13 دورة,ضعيف,يحتاج مراقبة,41%,orange,12517803.333333334,8619255.42857143,45.23068073651528,10,3,7,100,35,74.0,فرصة قوية,green,36.36363636363637,37.24626709429442,2026-10-22,13.0,11.0,50.0,117.39667469961438,70.0,فرصة تاريخية قوية,2026-10-25,14.0,12.0,41.66666666666667,91.82960672948663,61.731842691794654,فرصة جيدة,2026-10-20,11.0,9.0,41.66666666666667,80.9347516173422,57.37390064693689,فرصة جيدة,33,تحت المراقبة,yellow,,لا يوجد نمط واضح حاليًا,0.07868009998799746,197
6016,Shatirah House Restaurant Burgerizzr Co.,2026-10-07,6.65,-0.8941877794336752,126622.0,842036.3,1799878.8006666666,طبيعية,2026-10-05,2,14,2,1.0,2026-10-08,32,3 من 13 دورة,ضعيف,يحتاج مراقبة,32%,orange,259749.0,143357.7142857143,81.18941229930323,10,3,7,100,75,90.0,فرصة قوية جدًا,fire,18.181818181818183,193.80301739917957,2026-10-08,3.0,1.0,45.45454545454545,96.61010293957953,65.91676844855908,فرصة جيدة,2026-10-12,5.0,3.0,33.33333333333333,111.10554341600185,60.0,فرصة جيدة,2026-10-25,14.0,12.0,25.0,113.70268154682903,55.0,فرصة جيدة,59,فرصة جيدة,orange,,لا يوجد نمط واضح حاليًا,0.1994309230400105,197
6017,Jahez International Company for Information Systems Technology,2026-10-07,12.07,-0.16542597187758123,227591.0,2747023.37,8261095.160833332,طبيعية,2026-08-30,27,14,2,11.0,2026-10-22,31,4 من 13 دورة,ضعيف,يحتاج مراقبة,31%,orange,348353.6666666667,282472.0,23.323255638316965,10,3,7,85,35,65.0,فرصة قوية,green,36.36363636363637,87.64593371358127,2026-10-21,12.0,10.0,41.66666666666667,109.64729090830966,65.0,فرصة جيدة,2026-10-13,6.0,4.0,50.0,84.46803562651046,63.78721425060419,فرصة جيدة,2026-10-22,13.0,11.0,50.0,83.11551507351915,63.24620602940766,فرصة جيدة,31,تحت المراقبة,yellow,,لا يوجد نمط واضح حاليًا,0.08072777227411558,197
6018,Sport Clubs Co.,2026-10-07,8.28,1.346389228886162,1466194.0,12140086.319999998,15440510.456500001,استثنائية,2026-10-07,0,14,2,7.0,2026-10-18,41,4 من 13 دورة,ضعيف,يحتاج مراقبة,41%,orange,995234.0,484259.85714285716,105.51651872858105,10,3,7,100,80,92.0,فرصة قوية جدًا,fire,45.45454545454545,117.69403770426666,2026-10-08,3.0,1.0,45.45454545454545,114.01858554937485,67.27272727272727,فرصة جيدة,2026-10-18,9.0,7.0,33.33333333333333,180.32268579055517,60.0,فرصة جيدة,2026-10-21,12.0,10.0,41.66666666666667,78.89913648054491,56.55965459221797,فرصة جيدة,45,تحت المراقبة,yellow,,لا يوجد نمط واضح حاليًا,0.49526552555878256,197
6019,Al Masar Al Shamil Education Co.,2026-10-07,24.0,-1.1532125205930852,63957.0,1534968.0,3149036.688833333,طبيعية,2026-09-30,5,14,2,5.0,2026-10-14,49,5 من 13 دورة,ضعيف,متوقع متوسط المدى,49%,yellow,77491.0,100739.57142857143,-23.077893918831727,10,3,7,10,100,46.0,تحتاج مراقبة,orange,9.090909090909092,22.03569339922753,2026-10-18,9.0,7.0,50.0,147.90154183926424,70.0,فرصة تاريخية قوية,2026-10-14,7.0,5.0,41.66666666666667,243.31394683283582,65.0,فرصة جيدة,2026-10-08,3.0,1.0,36.36363636363637,98.07608886061604,61.04861736242824,فرصة جيدة,54,فرصة جيدة,orange,,لا يوجد نمط واضح حاليًا,0.44203798121616883,197
6020,Al Gassim Investment Holding Co.,2026-10-07,11.97,3.457216940363011,350673.0,4197555.8100000005,1364112.1005,استثنائية,2026-10-07,0,14,2,4.0,2026-10-13,48,5 من 13 دورة,ضعيف,متوقع متوسط المدى,48%,yellow,603696.3333333334,85854.14285714286,603.1650579027443,10,3,7,100,100,100.0,فرصة قوية جدًا,fire,36.36363636363637,81.12673792975932,2026-10-13,6.0,4.0,58.333333333333336,202.71856827754547,75.0,فرصة تاريخية قوية,2026-10-11,4.0,2.0,45.45454545454545,98.54518668934278,66.69080194846438,فرصة جيدة,2026-10-20,11.0,9.0,41.66666666666667,143.8124895623222,65.0,فرصة جيدة,57,فرصة جيدة,orange,1.0,متوقعة خلال جلسة واحدة,0.648913514187649,197
6022,Armah Sports Company,2026-10-07,64.3,0.3120124804992244,277227.0,17825696.099999998,10942273.211666666,طبيعية,2026-10-01,4,14,2,3.0,2026-10-12,39,6 من 13 دورة,ضعيف,يحتاج مراقبة,39%,orange,318889.3333333333,409646.5714285714,-22.15500981217491,10,3,7,10,95,44.0,تحتاج مراقبة,orange,27.27272727272727,291.20380171140573,2026-10-13,6.0,4.0,58.333333333333336,263.22825214181233,75.0,فرصة تاريخية قوية,2026-10-12,5.0,3.0,50.0,149.38583991128024,70.0,فرصة تاريخية قوية,2026-10-19,10.0,8.0,41.66666666666667,244.47143407430295,65.0,فرصة جيدة,58,فرصة جيدة,orange,1.0,متوقعة خلال جلسة واحدة,0.7824835289044243,197
6040,Tabuk Agricultural Development Co.,2026-10-07,40.04,1.5728056823947167,239905.0,9605796.2,15125173.048666667,طبيعية,2026-09-27,6,13,15,1.0,2026-10-08,38,5 من 12 دورة,ضعيف,يحتاج مراقبة,38%,orange,463171.6666666667,1005306.4285714285,-53.927314746723745,10,3,7,10,75,36.0,تحتاج مراقبة,orange,36.36363636363637,111.48753238452345,,,,,,,بيانات غير كافية,,,,,,,بيانات غير كافية,,,,,,,بيانات غير كافية,63,فرصة جيدة,orange,,لا يوجد نمط واضح حاليًا,0.07546782665604168,195
6050,Saudi Fisheries Co.,2026-10-07,55.1,1.5668202764976984,1154737.0,63626008.7,46495475.22283333,مرتفعة,2026-10-07,0,14,2,6.0,2026-10-15,47,5 من 13 دورة,ضعيف,يحتاج مراقبة,47%,orange,1046727.6666666666,730798.2857142857,43.230722776475886,10,3,7,100,90,96.0,فرصة قوية جدًا,fire,27.27272727272727,166.1501840022456,2026-10-15,8.0,6.0,50.0,213.643264324971,70.0,فرصة تاريخية قوية,2026-10-20,11.0,9.0,41.66666666666667,109.53440232785934,65.0,فرصة جيدة,2026-10-14,7.0,5.0,66.66666666666666,54.40475675704956,61.76190270281982,فرصة جيدة,51,فرصة جيدة,orange,,لا يوجد نمط واضح حاليًا,0.3752873249744227,197
6060,Ash-Sharqiyah Development Co.,2026-10-07,13.08,-1.133786848072565,274720.0,3593337.6,5701475.711833334,فوق المتوسط,2026-10-05,2,14,2,5.0,2026-10-14,41,5 من 13 دورة,ضعيف,يحتاج مراقبة,41%,orange,494229.6666666667,200988.85714285713,145.89903823144903,10,3,7,100,100,100.0,فرصة قوية جدًا,fire,18.181818181818183,345.771392779644,2026-10-08,3.0,1.0,54.54545454545454,152.3603962606422,72.72727272727272,فرصة تاريخية قوية,2026-10-14,7.0,5.0,50.0,139.5182412184315,70.0,فرصة تاريخية قوية,2026-10-21,12.0,10.0,50.0,117.05129532810487,70.0,فرصة تاريخية قوية,52,فرصة جيدة,orange,,لا يوجد نمط واضح حاليًا,0.34761072153539263,197
6070,Al-Jouf Agriculture Development Co.,2026-10-07,37.52,0.8602150537634415,68184.0,2558263.68,3374186.1440000003,فوق المتوسط,2026-10-01,4,14,2,2.0,2026-10-11,39,3 من 13 دورة,ضعيف,يحتاج مراقبة,39%,orange,58430.333333333336,51530.857142857145,13.38901887727002,10,3,7,70,85,76.0,فرصة قوية,green,36.36363636363637,83.51537564253212,2026-10-11,4.0,2.0,45.45454545454545,118.13953614577447,67.27272727272727,فرصة جيدة,2026-10-13,6.0,4.0,50.0,77.55609577097074,61.0224383083883,فرصة جيدة,2026-10-19,10.0,8.0,33.33333333333333,112.8620514179068,60.0,فرصة جيدة,58,فرصة جيدة,orange,,لا يوجد نمط واضح حاليًا,0.41021252098997446,197
6090,جازادكو,2026-10-07,7.25,-0.9562841530054683,132631.0,961574.75,1547648.6900000002,طبيعية,2026-09-07,21,15,5,1.0,2026-10-08,29,5 من 14 دورة,غير واضح,لا يوجد نمط واضح,29%,red,175411.33333333334,150681.14285714287,16.412266330921433,10,3,7,70,75,72.0,فرصة قوية,green,30.76923076923077,134.45369802231392,2026-10-21,15.0,10.0,46.15384615384615,122.09905734619764,67.6923076923077,فرصة جيدة,2026-10-08,6.0,1.0,61.53846153846154,70.19629345801451,65.00159430628273,فرصة جيدة,2026-10-13,9.0,4.0,38.46153846153847,113.34067649967842,63.07692307692308,فرصة جيدة,52,فرصة جيدة,orange,,لا يوجد نمط واضح حاليًا,0.34638987927490245,215
7010,Saudi Telecom Co.,2026-10-07,43.0,0.4672897196261749,1525175.0,65582525.0,94259235.714,طبيعية,2026-10-06,1,14,2,12.0,2026-10-25,38,5 من 13 دورة,ضعيف,يحتاج مراقبة,38%,orange,2040359.6666666667,2088410.857142857,-2.3008494861939566,10,3,7,40,35,38.0,تحتاج مراقبة,orange,36.36363636363637,43.1752726407044,2026-10-25,14.0,12.0,75.0,85.68825863801248,79.275303455205,فرصة تاريخية قوية,2026-10-22,13.0,11.0,66.66666666666666,46.5968334864299,58.63873339457196,فرصة جيدة,2026-10-13,6.0,4.0,41.66666666666667,65.41921092816395,51.16768437126558,تحت المراقبة,31,تحت المراقبة,yellow,,لا يوجد نمط واضح حاليًا,0.34592577031703436,197
7020,Etihad Etisalat Co.,2026-10-07,63.8,-1.4671814671814716,533499.0,34037236.199999996,65171871.70083333,طبيعية,2026-10-04,3,14,2,2.0,2026-10-11,27,3 من 13 دورة,غير واضح,لا يوجد نمط واضح,27%,red,666542.6666666666,1050660.4285714286,-36.55964871800137,10,3,7,10,85,40.0,تحتاج مراقبة,orange,45.45454545454545,51.15897792578535,2026-10-13,6.0,4.0,75.0,69.7844862484818,72.91379449939272,فرصة تاريخية قوية,2026-10-11,4.0,2.0,54.54545454545454,69.58584844795324,60.56161210645402,فرصة جيدة,2026-10-25,14.0,12.0,66.66666666666666,50.85305067487521,60.34122026995008,فرصة جيدة,48,تحت المراقبة,yellow,,لا يوجد نمط واضح حاليًا,0.26929850523161025,197
7030,زين,2026-10-07,9.85,-0.6054490413723561,1499997.0,14774970.45,14675263.930333335,فوق المتوسط,2026-09-30,5,15,5,12.0,2026-10-25,32,4 من 14 دورة,ضعيف,يحتاج مراقبة,32%,orange,1120103.0,1393195.857142857,-19.601899886704466,10,3,7,10,35,20.0,فرصة ضعيفة,red,61.53846153846154,42.157123821436365,2026-10-11,7.0,2.0,46.15384615384615,101.35741293036205,67.6923076923077,فرصة جيدة,2026-10-21,15.0,10.0,53.84615384615385,68.05404342332473,59.5293096770222,فرصة جيدة,2026-10-18,12.0,7.0,23.076923076923077,189.05078370438562,53.84615384615385,تحت المراقبة,28,فرصة ضعيفة أو بعيدة,red,,لا يوجد نمط واضح حاليًا,0.13607425930555553,215
7040,Etihad Atheeb Telecommunication Co.,2026-10-07,83.0,-0.24038461538461878,198846.0,16504218.0,12503142.773333333,مرتفعة,2026-10-07,0,14,2,1.0,2026-10-08,43,3 من 13 دورة,ضعيف,يحتاج مراقبة,43%,orange,169678.0,106047.57142857143,60.00177817771808,10,3,7,100,75,90.0,فرصة قوية جدًا,fire,36.36363636363637,36.90972118201206,2026-10-12,5.0,3.0,50.0,92.27699578991172,66.91079831596468,فرصة جيدة,2026-10-08,3.0,1.0,36.36363636363637,241.71968443636104,61.81818181818182,فرصة جيدة,2026-10-13,6.0,4.0,33.33333333333333,91.12119862240814,56.448479448963255,فرصة جيدة,62,فرصة جيدة,orange,,لا يوجد نمط واضح حاليًا,0.1414776413328472,197
7200,Al Moammar Information Systems Company,2026-10-07,303.0,1.5415549597855305,51451.0,15589653.0,24955289.831666663,طبيعية,2026-10-06,1,14,2,1.0,2026-10-08,30,4 من 13 دورة,ضعيف,يحتاج مراقبة,30%,orange,66282.66666666667,50663.857142857145,30.828307208764393,10,3,7,100,75,90.0,فرصة قوية جدًا,fire,45.45454545454545,99.77725038537447,2026-10-08,3.0,1.0,45.45454545454545,104.01147844361353,67.27272727272727,فرصة جيدة,2026-10-12,5.0,3.0,33.33333333333333,115.07472196491925,60.0,فرصة جيدة,2026-10-25,14.0,12.0,33.33333333333333,131.66269790003966,60.0,فرصة جيدة,59,فرصة جيدة,orange,,لا يوجد نمط واضح حاليًا,0.18570141507897342,197
7201,Arab Sea Information Systems Co.,2026-10-07,4.15,9.788359788359804,2194628.0,9107706.200000001,3034577.622999999,استثنائية,2026-10-07,0,14,2,12.0,2026-10-25,35,4 من 13 دورة,ضعيف,يحتاج مراقبة,35%,orange,1951759.0,737640.4285714285,164.5949061902596,10,3,7,100,35,74.0,فرصة قوية,green,54.54545454545454,28.26670499523716,2026-10-25,14.0,12.0,41.66666666666667,116.73825959292773,65.0,فرصة جيدة,2026-10-11,4.0,2.0,36.36363636363637,244.13001478606247,61.81818181818182,فرصة جيدة,2026-10-14,7.0,5.0,33.33333333333333,131.75408313035862,60.0,فرصة جيدة,29,فرصة ضعيفة أو بعيدة,red,,لا يوجد نمط واضح حاليًا,0.3247402252300596,197
7202,Arabian Internet and Communications Services Company,2026-10-07,103.1,-51.799906498363725,441577.0,45526588.699999996,38835421.934999995,استثنائية,2026-10-07,0,14,2,2.0,2026-10-11,28,5 من 13 دورة,غير واضح,لا يوجد نمط واضح,28%,red,232493.66666666666,84080.14285714286,176.51435733367768,10,3,7,100,85,94.0,فرصة قوية جدًا,fire,54.54545454545454,58.89357489613341,2026-10-11,4.0,2.0,63.63636363636363,88.70011231076815,73.66186310612544,فرصة تاريخية قوية,2026-10-22,13.0,11.0,50.0,97.12117515158378,68.84847006063352,فرصة جيدة,2026-10-21,12.0,10.0,41.66666666666667,149.53615922520945,65.0,فرصة جيدة,49,تحت المراقبة,yellow,1.0,متوقعة خلال جلسة واحدة,0.6396015875661307,197
7203,Elm Company,2026-10-07,584.5,-1.2668918918918919,36372.0,21259434.0,55969611.2,طبيعية,2026-08-13,38,14,2,3.0,2026-10-12,38,3 من 13 دورة,ضعيف,يحتاج مراقبة,38%,orange,53681.666666666664,68384.0,-21.499668538449544,10,3,7,10,95,44.0,تحتاج مراقبة,orange,36.36363636363637,85.72253089870733,2026-10-11,4.0,2.0,36.36363636363637,140.14585855861236,61.81818181818182,فرصة جيدة,2026-10-12,5.0,3.0,33.33333333333333,134.95002189255354,60.0,فرصة جيدة,2026-10-26,15.0,13.0,33.33333333333333,90.53152631343637,56.212610525374544,فرصة جيدة,55,فرصة جيدة,orange,,لا يوجد نمط واضح حاليًا,0.023020717955026578,197
7204,Perfect Presentation for Commercial Services Co.,2026-10-07,5.19,-1.5180265654648801,2033581.0,10554285.39,5777295.203666666,فوق المتوسط,2026-09-29,6,14,2,1.0,2026-10-08,43,3 من 13 دورة,ضعيف,يحتاج مراقبة,43%,orange,1305891.0,1511839.7142857143,-13.622390809002994,10,3,7,25,75,45.0,تحتاج مراقبة,orange,36.36363636363637,34.329286433330346,2026-10-11,4.0,2.0,63.63636363636363,94.5284577053077,75.99320126394126,فرصة تاريخية قوية,2026-10-08,3.0,1.0,36.36363636363637,191.1663387310424,61.81818181818182,فرصة جيدة,2026-10-21,12.0,10.0,58.333333333333336,64.12653200923464,60.65061280369386,فرصة جيدة,62,فرصة جيدة,orange,,لا يوجد نمط واضح حاليًا,0.1692858883922672,197
7205,Dar Albalad For Business Solutions Company,2026-10-07,11.13,-1.0666666666666598,426913.0,4751541.69,17499951.272666667,طبيعية,2026-09-07,21,7,5,,,0,0 من 6 دورة,غير واضح,لا يوجد نمط واضح,0%,red,582555.3333333334,458176.5714285714,27.14646921315842,10,3,7,85,0,51.0,فرصة متوسطة,yellow,20.0,120.71546163092957,2026-10-08,6.0,1.0,40.0,70.67572250767482,52.270289003069934,تحت المراقبة,2026-10-11,7.0,2.0,20.0,217.96704671603698,52.0,تحت المراقبة,2026-10-20,14.0,9.0,40.0,55.574238689682105,46.229695475872845,تحت المراقبة,0,فرصة ضعيفة أو بعيدة,red,,لا يوجد نمط واضح حاليًا,0.18252234201682008,95
7211,Saudi Azm for Communication and Information Technology Co.,2026-10-07,31.62,3.6721311475409872,651203.0,20591038.86,5072279.717166667,استثنائية,2026-10-07,0,14,2,1.0,2026-10-08,40,5 من 13 دورة,ضعيف,يحتاج مراقبة,40%,orange,594133.6666666666,185641.0,220.04442265806944,10,3,7,100,75,90.0,فرصة قوية جدًا,fire,54.54545454545454,137.92561561621866,2026-10-11,4.0,2.0,54.54545454545454,160.6643353738576,72.72727272727272,فرصة تاريخية قوية,2026-10-08,3.0,1.0,45.45454545454545,180.10967395617547,67.27272727272727,فرصة جيدة,2026-10-25,14.0,12.0,41.66666666666667,126.0633743577126,65.0,فرصة جيدة,63,فرصة جيدة,orange,,لا يوجد نمط واضح حاليًا,0.4852605130216629,197
8010,Company for Cooperative Insurance,2026-10-07,90.45,-0.6043956043956012,215410.0,19483834.5,35202735.83470956,طبيعية,2026-09-17,13,14,2,2.0,2026-10-11,26,3 من 13 دورة,غير واضح,لا يوجد نمط واضح,26%,red,328610.3333333333,307225.71428571426,6.960556377039384,10,3,7,60,85,70.0,فرصة قوية,green,36.36363636363637,26.145256016756754,2026-10-25,14.0,12.0,58.333333333333336,129.56710285467605,75.0,فرصة تاريخية قوية,2026-10-08,3.0,1.0,63.63636363636363,87.24739740217628,73.08077714268869,فرصة تاريخية قوية,2026-10-11,4.0,2.0,45.45454545454545,68.03198981311866,54.48552319797473,تحت المراقبة,47,تحت المراقبة,yellow,,لا يوجد نمط واضح حاليًا,0.2219198147989699,197
8012,AlJazira Takaful Taawuni Co.,2026-10-07,9.94,-0.6993006993007022,51137.0,508301.77999999997,1444714.0608333335,طبيعية,2026-10-06,1,14,2,7.0,2026-10-18,47,5 من 13 دورة,ضعيف,يحتاج مراقبة,47%,orange,103111.33333333333,97414.71428571429,5.847801422391941,10,3,7,60,80,68.0,فرصة قوية,green,45.45454545454545,19.456415357972286,2026-10-19,10.0,8.0,50.0,124.4013967446797,70.0,فرصة تاريخية قوية,2026-10-08,3.0,1.0,45.45454545454545,114.42635623866622,67.27272727272727,فرصة جيدة,2026-10-18,9.0,7.0,41.66666666666667,271.5950145466679,65.0,فرصة جيدة,48,تحت المراقبة,yellow,,لا يوجد نمط واضح حاليًا,0.4669128426410415,197
8020,Malath Cooperative Insurance Co.,2026-10-07,8.94,-0.6666666666666722,101065.0,903521.1,1714277.7898333333,طبيعية,2026-09-17,13,14,2,5.0,2026-10-14,36,5 من 13 دورة,ضعيف,يحتاج مراقبة,36%,orange,121411.0,105716.57142857143,14.845760091673688,10,3,7,70,100,82.0,فرصة قوية جدًا,fire,36.36363636363637,70.7301378381863,2026-10-18,9.0,7.0,50.0,101.52107407652555,70.0,فرصة تاريخية قوية,2026-10-08,3.0,1.0,72.72727272727273,62.83145431573119,68.76894536265613,فرصة جيدة,2026-10-14,7.0,5.0,41.66666666666667,138.52398809194602,65.0,فرصة جيدة,50,فرصة جيدة,orange,,لا يوجد نمط واضح حاليًا,0.3394891632454286,197
8030,Mediterranean & Gulf Cooperative Insurance & Reinsurance Co.,2026-10-07,15.61,-1.3274336283185895,440930.0,6882917.3,10656493.057999998,طبيعية,2026-09-10,18,14,2,8.0,2026-10-19,25,4 من 13 دورة,غير واضح,لا يوجد نمط واضح,25%,red,417190.6666666667,272594.4285714286,53.04445833798441,10,3,7,100,60,84.0,فرصة قوية جدًا,fire,45.45454545454545,122.68200077785409,2026-10-18,9.0,7.0,33.33333333333333,140.6158983448914,60.0,فرصة جيدة,2026-10-19,10.0,8.0,50.0,63.71365903751632,55.48546361500653,فرصة جيدة,2026-10-08,3.0,1.0,45.45454545454545,61.929810524722484,52.04465148261626,تحت المراقبة,31,تحت المراقبة,yellow,,لا يوجد نمط واضح حاليًا,0.21427474282623057,197
8040,Mutakamela Insurance Company,2026-10-07,10.08,2.647657841140527,966069.0,9737975.52,5899371.494,استثنائية,2026-10-07,0,14,2,14.0,2026-10-27,31,5 من 13 دورة,ضعيف,يحتاج مراقبة,31%,orange,771207.3333333334,229310.14285714287,236.31627616829195,10,3,7,100,35,74.0,فرصة قوية,green,54.54545454545454,45.599224239534834,2026-10-12,5.0,3.0,58.333333333333336,102.09481185744764,75.0,فرصة تاريخية قوية,2026-10-13,6.0,4.0,58.333333333333336,120.97903376267435,75.0,فرصة تاريخية قوية,2026-10-14,7.0,5.0,50.0,93.14192985989114,67.25677194395647,فرصة جيدة,23,فرصة ضعيفة أو بعيدة,red,1.0,متوقعة خلال جلسة واحدة,0.6011711013717975,197
8050,SALAMA Cooperative Insurance Co.,2026-10-07,7.75,-0.8951406649616405,409681.0,3175027.75,2940438.572166667,طبيعية,2026-10-06,1,14,2,1.0,2026-10-08,36,4 من 13 دورة,ضعيف,يحتاج مراقبة,36%,orange,906856.0,540310.7142857143,67.8397218531665,10,3,7,100,75,90.0,فرصة قوية جدًا,fire,27.27272727272727,28.478558696799226,2026-10-14,7.0,5.0,50.0,135.51450518671382,70.0,فرصة تاريخية قوية,2026-10-18,9.0,7.0,50.0,124.99704001123894,70.0,فرصة تاريخية قوية,2026-10-08,3.0,1.0,45.45454545454545,129.91246952877108,67.27272727272727,فرصة جيدة,61,فرصة جيدة,orange,,لا يوجد نمط واضح حاليًا,0.18833002289963038,197
8060,Walaa Cooperative Insurance Co.,2026-10-07,10.77,-0.4621072088724649,130179.0,1402027.8299999998,6916250.472333332,طبيعية,2026-09-10,18,14,2,7.0,2026-10-18,36,4 من 13 دورة,ضعيف,يحتاج مراقبة,36%,orange,167206.33333333334,162830.0,2.6876701672501113,10,3,7,50,80,62.0,فرصة متوسطة,yellow,45.45454545454545,79.95390544153821,2026-10-18,9.0,7.0,41.66666666666667,130.53696575234002,65.0,فرصة جيدة,2026-10-22,13.0,11.0,41.66666666666667,99.27828503759346,64.71131401503739,فرصة جيدة,2026-10-14,7.0,5.0,41.66666666666667,68.76332900482757,52.50533160193103,تحت المراقبة,44,تحت المراقبة,yellow,,لا يوجد نمط واضح حاليًا,0.4324205999789881,197
8070,Arabian Shield Cooperative Insurance Co.,2026-10-07,12.14,-0.6546644844517191,44883.0,544879.62,2826793.4143333333,طبيعية,2026-09-10,18,14,2,1.0,2026-10-08,42,3 من 13 دورة,ضعيف,يحتاج مراقبة,42%,orange,84101.33333333333,140740.14285714287,-40.24353562103479,10,3,7,10,75,36.0,تحتاج مراقبة,orange,45.45454545454545,112.38386276450417,2026-10-19,10.0,8.0,50.0,129.13355434122357,70.0,فرصة تاريخية قوية,2026-10-08,3.0,1.0,36.36363636363637,177.68399220842264,61.81818181818182,فرصة جيدة,2026-10-15,8.0,6.0,41.66666666666667,89.42719634769931,60.77087853907973,فرصة جيدة,62,فرصة جيدة,orange,,لا يوجد نمط واضح حاليًا,0.18805186410791552,197
8100,Saudi Arabian Cooperative Insurance Co.,2026-10-07,9.8,-0.5076142131979587,60815.0,595987.0,1747886.3946666669,طبيعية,2026-09-10,18,14,2,4.0,2026-10-13,34,4 من 13 دورة,ضعيف,يحتاج مراقبة,34%,orange,63283.666666666664,57012.57142857143,10.999495516444146,10,3,7,70,100,82.0,فرصة قوية جدًا,fire,54.54545454545454,105.19564195623707,2026-10-13,6.0,4.0,41.66666666666667,114.02462115662811,65.0,فرصة جيدة,2026-10-18,9.0,7.0,41.66666666666667,110.8061031225972,65.0,فرصة جيدة,2026-10-08,3.0,1.0,45.45454545454545,83.82189815749481,60.8014865357252,فرصة جيدة,52,فرصة جيدة,orange,,لا يوجد نمط واضح حاليًا,0.15282091966698585,197
8120,Gulf Union Alahlia Cooperative Insurance Co.,2026-10-07,12.56,-0.39651070578904785,84630.0,1062952.8,1197663.2389999998,فوق المتوسط,2026-10-06,1,14,2,5.0,2026-10-14,33,5 من 13 دورة,ضعيف,يحتاج مراقبة,33%,orange,237923.33333333334,41096.0,478.9452339238207,10,3,7,100,100,100.0,فرصة قوية جدًا,fire,36.36363636363637,66.30175945991466,2026-10-14,7.0,5.0,50.0,107.77621085461942,70.0,فرصة تاريخية قوية,2026-10-08,3.0,1.0,45.45454545454545,107.4452849915812,67.27272727272727,فرصة جيدة,2026-10-21,12.0,10.0,41.66666666666667,130.460888682036,65.0,فرصة جيدة,49,تحت المراقبة,yellow,,لا يوجد نمط واضح حاليًا,0.1757338124302863,197
8150,Allied Cooperative Insurance Group,2026-10-07,6.86,-0.7235890014471754,145764.0,999941.04,7385842.250666667,طبيعية,2026-10-06,1,14,2,7.0,2026-10-18,46,4 من 13 دورة,ضعيف,يحتاج مراقبة,46%,orange,392991.0,358959.0,9.480748497739299,10,3,7,60,80,68.0,فرصة قوية,green,27.27272727272727,26.57898929432001,2026-10-18,9.0,7.0,50.0,200.24219159428108,70.0,فرصة تاريخية قوية,2026-10-12,5.0,3.0,41.66666666666667,94.1874073616638,62.67496294466552,فرصة جيدة,2026-10-08,3.0,1.0,36.36363636363637,145.89705433023593,61.81818181818182,فرصة جيدة,47,تحت المراقبة,yellow,,لا يوجد نمط واضح حاليًا,0.07787307791792632,197
8160,Arabia Insurance Cooperative Co.,2026-10-07,8.02,-0.37267080745343023,59693.0,478737.86,1406126.9258333333,طبيعية,2026-09-30,5,14,2,7.0,2026-10-18,35,5 من 13 دورة,ضعيف,يحتاج مراقبة,35%,orange,58082.0,84699.14285714286,-31.42551619682439,10,3,7,10,80,38.0,تحتاج مراقبة,orange,27.27272727272727,52.218678317513024,2026-10-08,3.0,1.0,54.54545454545454,111.73000269182215,72.72727272727272,فرصة تاريخية قوية,2026-10-18,9.0,7.0,41.66666666666667,142.55952927043307,65.0,فرصة جيدة,2026-10-19,10.0,8.0,41.66666666666667,109.40667077966671,65.0,فرصة جيدة,44,تحت المراقبة,yellow,,لا يوجد نمط واضح حاليًا,0.20975906707206188,197
8170,Al-Etihad Cooperative Insurance Co.,2026-10-07,6.6,-1.639344262295087,480414.0,3170732.4,8020538.869166667,طبيعية,2026-09-10,18,14,2,4.0,2026-10-13,29,4 من 13 دورة,غير واضح,لا يوجد نمط واضح,29%,red,516209.6666666667,389214.85714285716,32.62845885587493,10,3,7,100,100,100.0,فرصة قوية جدًا,fire,45.45454545454545,229.87281284827495,2026-10-14,7.0,5.0,50.0,99.14498855901962,69.65799542360784,فرصة جيدة,2026-10-13,6.0,4.0,33.33333333333333,109.0763028315418,60.0,فرصة جيدة,2026-10-18,9.0,7.0,25.0,257.414252129648,55.0,فرصة جيدة,43,تحت المراقبة,yellow,,لا يوجد نمط واضح حاليًا,0.062085670106938495,197
8180,Al Sagr Cooperative Insurance Co.,2026-10-07,9.92,-1.4895729890764682,102173.0,1013556.16,2268511.8801666666,طبيعية,2026-10-05,2,14,2,8.0,2026-10-19,25,4 من 13 دورة,غير واضح,لا يوجد نمط واضح,25%,red,142716.33333333334,89370.85714285714,59.69001293699663,10,3,7,100,60,84.0,فرصة قوية جدًا,fire,27.27272727272727,92.91574382933963,2026-10-18,9.0,7.0,41.66666666666667,134.88518506867447,65.0,فرصة جيدة,2026-10-08,3.0,1.0,36.36363636363637,245.39196548380465,61.81818181818182,فرصة جيدة,2026-10-15,8.0,6.0,25.0,153.28588093320357,55.0,فرصة جيدة,31,تحت المراقبة,yellow,,لا يوجد نمط واضح حاليًا,0.1621541267151823,197
8200,Saudi Reinsurance Company,2026-10-07,28.7,5.051244509516834,2347117.0,67362257.89999999,24441968.278000005,مرتفعة,2026-10-07,0,14,2,14.0,2026-10-27,42,4 من 13 دورة,ضعيف,يحتاج مراقبة,42%,orange,1101434.3333333333,640439.8571428572,71.98091609211733,10,3,7,100,35,74.0,فرصة قوية,green,72.72727272727273,85.50235271191983,2026-10-18,9.0,7.0,33.33333333333333,142.0475353087954,60.0,فرصة جيدة,2026-10-25,14.0,12.0,41.66666666666667,83.54792721250087,58.419170885000355,فرصة جيدة,2026-10-19,10.0,8.0,41.66666666666667,68.2072428633546,52.28289714534184,تحت المراقبة,26,فرصة ضعيفة أو بعيدة,red,,لا يوجد نمط واضح حاليًا,0.22755561695093024,197
8210,Bupa Arabia for Cooperative Insurance Co.,2026-10-07,146.6,-1.6107382550335607,259479.0,38039621.4,21361771.490000006,مرتفعة,2026-10-07,0,14,2,12.0,2026-10-25,32,5 من 13 دورة,ضعيف,يحتاج مراقبة,32%,orange,292687.0,124389.14285714286,135.29947491972197,10,3,7,100,35,74.0,فرصة قوية,green,54.54545454545454,55.35048752164652,2026-10-25,14.0,12.0,66.66666666666666,89.82540075158678,75.93016030063471,فرصة تاريخية قوية,2026-10-18,9.0,7.0,50.0,75.68906602478079,60.27562640991232,فرصة جيدة,2026-10-11,4.0,2.0,54.54545454545454,53.575548431967434,54.1574921000597,تحت المراقبة,29,فرصة ضعيفة أو بعيدة,red,,لا يوجد نمط واضح حاليًا,0.3177396731629217,197
8230,Al Rajhi Co. for Cooperative Insurance,2026-10-07,50.8,-0.5870841487279926,153171.0,7781086.8,19137874.686999995,طبيعية,2026-09-10,18,14,2,12.0,2026-10-25,28,4 من 13 دورة,غير واضح,لا يوجد نمط واضح,28%,red,201905.66666666666,252404.42857142858,-20.00708236007481,10,3,7,10,35,20.0,فرصة ضعيفة,red,36.36363636363637,24.29903736199202,2026-10-11,4.0,2.0,36.36363636363637,119.50714023900551,61.81818181818182,فرصة جيدة,2026-10-18,9.0,7.0,33.33333333333333,175.7594733476747,60.0,فرصة جيدة,2026-10-19,10.0,8.0,33.33333333333333,160.23096179753844,60.0,فرصة جيدة,20,فرصة ضعيفة أو بعيدة,red,5.0,متوقعة خلال 5 جلسات,0.5611765384332729,197
8240,Chubb Arabia Cooperative Insurance Company,2026-10-07,16.35,0.30674846625767305,187439.0,3064627.6500000004,3809338.0456666667,طبيعية,2026-09-10,18,14,2,7.0,2026-10-18,45,4 من 13 دورة,ضعيف,يحتاج مراقبة,45%,orange,204876.0,115975.28571428571,76.65487844085008,10,3,7,100,80,92.0,فرصة قوية جدًا,fire,45.45454545454545,13.260138238728771,2026-10-18,9.0,7.0,50.0,135.5225126255838,70.0,فرصة تاريخية قوية,2026-10-13,6.0,4.0,33.33333333333333,128.15033834081396,60.0,فرصة جيدة,2026-10-19,10.0,8.0,33.33333333333333,132.12072607811587,60.0,فرصة جيدة,46,تحت المراقبة,yellow,,لا يوجد نمط واضح حاليًا,0.10846725296776197,197
8250,Gulf Insurance Group - GIG,2026-10-07,30.06,-0.4635761589403992,38576.0,1159594.56,3769521.2199999997,طبيعية,2026-09-21,11,14,2,4.0,2026-10-13,27,4 من 13 دورة,غير واضح,لا يوجد نمط واضح,27%,red,57349.666666666664,47806.28571428572,19.962607029161326,10,3,7,70,100,82.0,فرصة قوية جدًا,fire,27.27272727272727,31.71080480448649,2026-10-18,9.0,7.0,50.0,94.25945229940164,67.70378091976066,فرصة جيدة,2026-10-08,3.0,1.0,45.45454545454545,172.83927416692754,67.27272727272727,فرصة جيدة,2026-10-15,8.0,6.0,41.66666666666667,97.18636292373105,63.87454516949242,فرصة جيدة,43,تحت المراقبة,yellow,,لا يوجد نمط واضح حاليًا,0.19826165819754202,197
8260,Gulf General Cooperative Insurance Co.,2026-10-07,3.6,-0.8264462809917302,119293.0,429454.8,1388772.6863333334,طبيعية,2026-09-02,24,14,2,1.0,2026-10-08,41,4 من 13 دورة,ضعيف,يحتاج مراقبة,41%,orange,170227.66666666666,226510.2857142857,-24.847710058788465,10,3,7,10,75,36.0,تحتاج مراقبة,orange,36.36363636363637,64.44808916799373,2026-10-08,3.0,1.0,54.54545454545454,130.850596021441,72.72727272727272,فرصة تاريخية قوية,2026-10-14,7.0,5.0,41.66666666666667,183.4955274369279,65.0,فرصة جيدة,2026-10-18,9.0,7.0,41.66666666666667,125.09003203405078,65.0,فرصة جيدة,62,فرصة جيدة,orange,,لا يوجد نمط واضح حاليًا,0.0954002789949287,197
8280,LIVA Insurance Company,2026-10-07,12.85,-1.2298232129131448,76071.0,977512.35,7343733.729166667,طبيعية,2026-09-14,16,14,2,14.0,2026-10-27,37,6 من 13 دورة,ضعيف,يحتاج مراقبة,37%,orange,100118.0,109127.28571428571,-8.255759002266029,10,3,7,25,35,29.0,فرصة ضعيفة,red,72.72727272727273,130.7123114783794,2026-10-18,9.0,7.0,41.66666666666667,357.4581388557996,65.0,فرصة جيدة,2026-10-26,15.0,13.0,50.0,83.96004938052724,63.5840197522109,فرصة جيدة,2026-10-19,10.0,8.0,25.0,141.95006842073215,55.0,فرصة جيدة,26,فرصة ضعيفة أو بعيدة,red,,لا يوجد نمط واضح حاليًا,0.22318219766608285,197
8300,Wataniya Insurance Co.,2026-10-07,13.54,-0.8058608058608147,67135.0,909007.8999999999,5631309.966999999,طبيعية,2026-08-11,40,14,2,1.0,2026-10-08,48,4 من 13 دورة,ضعيف,متوقع متوسط المدى,48%,yellow,96443.33333333333,109342.0,-11.79662587721706,10,3,7,25,75,45.0,تحتاج مراقبة,orange,54.54545454545454,25.59181912213349,2026-10-08,3.0,1.0,63.63636363636363,117.93906869130572,78.18181818181819,فرصة تاريخية قوية,2026-10-14,7.0,5.0,41.66666666666667,91.86207175666391,61.74482870266557,فرصة جيدة,2026-10-11,4.0,2.0,54.54545454545454,68.65952468772521,60.191082602362805,فرصة جيدة,64,فرصة جيدة,orange,,لا يوجد نمط واضح حاليًا,0.03684781061053773,197
8310,Amana Cooperative Insurance Co.,2026-10-07,6.77,-4.7819971870604885,1910520.0,12934220.399999999,5506138.495833334,استثنائية,2026-10-07,0,14,2,7.0,2026-10-18,39,5 من 13 دورة,ضعيف,يحتاج مراقبة,39%,orange,1751753.6666666667,756157.4285714285,131.66520627538762,10,3,7,100,80,92.0,فرصة قوية جدًا,fire,27.27272727272727,183.59625925993421,2026-10-18,9.0,7.0,58.333333333333336,111.46134078547377,75.0,فرصة تاريخية قوية,2026-10-15,8.0,6.0,41.66666666666667,112.77593225740831,65.0,فرصة جيدة,2026-10-08,3.0,1.0,54.54545454545454,68.8076006882428,60.25031300256984,فرصة جيدة,45,تحت المراقبة,yellow,,لا يوجد نمط واضح حاليًا,0.10949583882572539,197
8311,Saudi Enaya Cooperative Insurance Company,2026-10-07,10.84,-2.6929982046678695,1624588.0,17610533.919999998,9530175.372333331,استثنائية,2026-10-07,0,14,2,15.0,2026-10-28,37,5 من 13 دورة,ضعيف,يحتاج مراقبة,37%,orange,1356291.0,881267.8571428572,53.90224311564103,10,3,7,100,35,74.0,فرصة قوية,green,45.45454545454545,155.18998815017537,2026-10-18,9.0,7.0,58.333333333333336,103.37416198547471,75.0,فرصة تاريخية قوية,2026-10-20,11.0,9.0,50.0,86.07366478222798,64.4294659128912,فرصة جيدة,2026-10-08,3.0,1.0,45.45454545454545,91.64645893505664,63.93131084674992,فرصة جيدة,22,فرصة ضعيفة أو بعيدة,red,,لا يوجد نمط واضح حاليًا,0.43358189450450935,197
8313,Rasan Information Technology Co.,2026-10-07,146.5,2.4475524475524475,247304.0,36230036.0,47162594.79833334,طبيعية,2026-10-06,1,14,2,8.0,2026-10-19,43,4 من 13 دورة,ضعيف,يحتاج مراقبة,43%,orange,378353.6666666667,525633.8571428572,-28.019540308295355,10,3,7,10,60,30.0,فرصة ضعيفة,red,54.54545454545454,74.6667236867593,2026-10-15,8.0,6.0,50.0,115.98594439322699,70.0,فرصة تاريخية قوية,2026-10-11,4.0,2.0,45.45454545454545,102.79710996818908,67.27272727272727,فرصة جيدة,2026-10-19,10.0,8.0,41.66666666666667,183.0388743670323,65.0,فرصة جيدة,43,تحت المراقبة,yellow,,لا يوجد نمط واضح حاليًا,0.24742484993246336,197
9510,National Building & Marketing Co.,2026-10-07,52.0,-3.7037037037037033,1579.0,82108.0,46806.11466666667,مرتفعة,2026-10-07,0,13,14,2.0,2026-10-11,46,5 من 12 دورة,ضعيف,متوقع متوسط المدى,46%,yellow,1997.3333333333333,989.7142857142857,101.80908391070056,10,3,7,100,85,94.0,فرصة قوية جدًا,fire,45.45454545454545,159.04719288795692,2026-10-08,15.0,1.0,18.181818181818183,43.31458214491716,28.234923767057776,فرصة ضعيفة,,,,,,,بيانات غير كافية,,,,,,,بيانات غير كافية,62,فرصة جيدة,orange,,لا يوجد نمط واضح حاليًا,0.4380689362182469,194
9513,Watani Iron Steel Co,2026-09-30,1.82,-3.191489361702119,35246.0,64147.72,202010.96233333333,طبيعية,2026-09-06,16,13,13,3.0,2026-10-05,48,4 من 12 دورة,ضعيف,متوقع متوسط المدى,48%,yellow,23309.666666666668,39064.142857142855,-40.32976289301965,10,3,7,10,95,44.0,تحتاج مراقبة,orange,27.27272727272727,52.76025982620508,2026-10-04,15.0,2.0,45.45454545454545,87.90792124801231,62.435895771932195,فرصة جيدة,2026-10-01,14.0,1.0,36.36363636363637,93.32881983340802,59.14970975154503,فرصة جيدة,,,,,,,بيانات غير كافية,59,فرصة جيدة,orange,,لا يوجد نمط واضح حاليًا,0.16391056955886868,193
9514,Mohammed Hassan Al Naqool Sons Co. Ltd,2026-10-07,51.0,5.241436236070984,22430.0,1143930.0,566670.8208333333,استثنائية,2026-10-07,0,14,2,4.0,2026-10-13,43,4 من 13 دورة,ضعيف,يحتاج مراقبة,43%,orange,21214.0,2058.4285714285716,930.5919911166632,10,3,7,100,100,100.0,فرصة قوية جدًا,fire,36.36363636363637,32.443435132459435,2026-10-13,6.0,4.0,50.0,172.31872968362242,70.0,فرصة تاريخية قوية,2026-10-08,3.0,1.0,36.36363636363637,564.6855252663233,61.81818181818182,فرصة جيدة,2026-10-11,4.0,2.0,36.36363636363637,157.07578491189545,61.81818181818182,فرصة جيدة,54,فرصة جيدة,orange,,لا يوجد نمط واضح حاليًا,0.3158386442438444,197
9515,Fesh Fash Snack Food Production Co.,2026-10-07,3.79,0.0,98696.0,374057.84,83396.33266666665,استثنائية,2026-10-07,0,14,2,3.0,2026-10-12,44,4 من 13 دورة,ضعيف,يحتاج مراقبة,44%,orange,45976.0,30315.714285714286,51.65732057867207,10,3,7,100,95,98.0,فرصة قوية جدًا,fire,27.27272727272727,63.54544274876074,2026-10-13,6.0,4.0,66.66666666666666,99.09649120035303,79.63859648014122,فرصة تاريخية قوية,2026-10-12,5.0,3.0,50.0,163.77203081805206,70.0,فرصة تاريخية قوية,2026-10-15,8.0,6.0,41.66666666666667,144.54572960051945,65.0,فرصة جيدة,58,فرصة جيدة,orange,1.0,متوقعة خلال جلسة واحدة,0.7628044474846422,197
9516,Natural Gas Distribution Company,2026-10-07,27.02,3.129770992366413,2472.0,66793.44,86218.69966666667,فوق المتوسط,2026-10-06,1,14,2,6.0,2026-10-15,48,6 من 13 دورة,ضعيف,يحتاج مراقبة,48%,orange,3389.3333333333335,2282.285714285714,48.50609247204141,10,3,7,100,90,96.0,فرصة قوية جدًا,fire,54.54545454545454,118.46587318923503,2026-10-15,8.0,6.0,66.66666666666666,153.60170489505282,80.0,فرصة تاريخية قوية,2026-10-19,10.0,8.0,50.0,210.06230656450256,70.0,فرصة تاريخية قوية,2026-10-18,9.0,7.0,41.66666666666667,94.95872625387264,62.983490501549056,فرصة جيدة,52,فرصة جيدة,orange,,لا يوجد نمط واضح حاليًا,0.31199949595051385,197
9517,MOBI Industry Company,2026-10-07,14.65,-0.2043596730245188,12679.0,185747.35,228594.7438333333,طبيعية,2026-10-01,4,14,3,7.0,2026-10-18,48,6 من 13 دورة,ضعيف,يحتاج مراقبة,48%,orange,8547.333333333334,28753.85714285714,-70.27413299416558,10,3,7,10,80,38.0,تحتاج مراقبة,orange,27.27272727272727,307.6072377365488,2026-10-18,10.0,7.0,58.333333333333336,214.2766655807192,75.0,فرصة تاريخية قوية,2026-10-14,8.0,5.0,33.33333333333333,211.21239341034982,60.0,فرصة جيدة,2026-10-15,9.0,6.0,33.33333333333333,110.6228054203634,60.0,فرصة جيدة,49,تحت المراقبة,yellow,,لا يوجد نمط واضح حاليًا,0.2457211397727152,198
9521,INMAR Company For Real Estate Development and Investment,2026-10-07,20.86,0.7729468599033823,229.0,4776.94,168861.88066666666,طبيعية,2026-10-01,4,14,2,13.0,2026-10-26,44,5 من 13 دورة,ضعيف,يحتاج مراقبة,44%,orange,2577.0,17961.571428571428,-85.65270299289753,10,3,7,10,35,20.0,فرصة ضعيفة,red,36.36363636363637,396.38775793841654,2026-10-25,14.0,12.0,58.333333333333336,100.78654079760565,75.0,فرصة تاريخية قوية,2026-10-26,15.0,13.0,41.66666666666667,213.80141945563622,65.0,فرصة جيدة,2026-10-13,6.0,4.0,33.33333333333333,175.36643097527994,60.0,فرصة جيدة,30,تحت المراقبة,yellow,,لا يوجد نمط واضح حاليًا,0.18689900294049588,197
9522,Alhasoob Co.,2026-10-07,33.98,4.553846153846145,366.0,12436.679999999998,41688.52366666667,فوق المتوسط,2026-10-05,2,14,2,14.0,2026-10-27,45,5 من 13 دورة,ضعيف,يحتاج مراقبة,45%,orange,345.3333333333333,238.28571428571428,44.924060751398876,10,3,7,100,35,74.0,فرصة قوية,green,27.27272727272727,38.43643981144345,2026-10-13,6.0,4.0,33.33333333333333,198.02616765448423,60.0,فرصة جيدة,2026-10-14,7.0,5.0,33.33333333333333,155.4263649067836,60.0,فرصة جيدة,2026-10-18,9.0,7.0,33.33333333333333,133.59881521573237,60.0,فرصة جيدة,27,فرصة ضعيفة أو بعيدة,red,,لا يوجد نمط واضح حاليًا,0.3660608421769237,197
9523,Group Five Pipe Saudi Ltd.,2026-10-07,60.0,-1.558654634946682,2593.0,155580.0,1019797.625,طبيعية,2026-09-21,11,14,2,4.0,2026-10-13,43,4 من 13 دورة,ضعيف,يحتاج مراقبة,43%,orange,5195.0,19616.571428571428,-73.51728858982202,10,3,7,10,100,46.0,تحتاج مراقبة,orange,36.36363636363637,95.88539788449792,2026-10-08,3.0,1.0,45.45454545454545,245.88463578912314,67.27272727272727,فرصة جيدة,2026-10-14,7.0,5.0,41.66666666666667,168.74911765289684,65.0,فرصة جيدة,2026-10-11,4.0,2.0,45.45454545454545,93.62730451108976,64.72364907716317,فرصة جيدة,54,فرصة جيدة,orange,,لا يوجد نمط واضح حاليًا,0.3568946969005221,197
9524,Advance International Company for Communication and Information Technology,2026-10-06,1.21,-9.022556390977451,6000.0,7260.0,22243.0655,طبيعية,2026-09-08,15,13,13,12.0,2026-10-22,41,5 من 12 دورة,ضعيف,يحتاج مراقبة,41%,orange,10001.0,7040.142857142857,42.056776445283184,10,3,7,100,35,74.0,فرصة قوية,green,18.181818181818183,57.61496111784415,2026-10-08,15.0,2.0,45.45454545454545,133.4275651677338,67.27272727272727,فرصة جيدة,2026-10-07,14.0,1.0,27.27272727272727,260.6463205951351,56.36363636363636,فرصة جيدة,,,,,,,بيانات غير كافية,32,تحت المراقبة,yellow,,لا يوجد نمط واضح حاليًا,0.18531136729837228,193
9527,AME Company for Medical Supplies,2026-10-07,69.6,2.35294117647058,6992.0,486643.19999999995,613352.5466666667,طبيعية,2026-09-29,6,14,2,2.0,2026-10-11,48,6 من 13 دورة,ضعيف,متوقع متوسط المدى,48%,yellow,11617.0,42807.42857142857,-72.86218680335857,10,3,7,10,85,40.0,تحتاج مراقبة,orange,36.36363636363637,244.31210050566642,2026-10-11,4.0,2.0,72.72727272727273,143.264395037082,83.63636363636364,فرصة تاريخية قوية,2026-10-12,5.0,3.0,50.0,171.06656503754905,70.0,فرصة تاريخية قوية,2026-10-13,6.0,4.0,50.0,120.3860678648655,70.0,فرصة تاريخية قوية,63,فرصة جيدة,orange,,لا يوجد نمط واضح حاليًا,0.3908730681712355,197
9530,Arabian International Healthcare Holding Co.,2026-10-07,16.93,0.5344418052256524,2004.0,33927.72,185104.81750000003,فوق المتوسط,2026-10-05,2,14,1,2.0,2026-10-11,39,6 من 13 دورة,ضعيف,يحتاج مراقبة,39%,orange,2570.6666666666665,925.1428571428571,177.86699608812023,10,3,7,100,85,94.0,فرصة قوية جدًا,fire,27.27272727272727,92.25220692170443,2026-10-11,3.0,2.0,54.54545454545454,152.01653025312703,72.72727272727272,فرصة تاريخية قوية,2026-10-18,8.0,7.0,41.66666666666667,134.1810971255653,65.0,فرصة جيدة,2026-10-26,14.0,13.0,41.66666666666667,147.90436652312155,65.0,فرصة جيدة,60,فرصة جيدة,orange,,لا يوجد نمط واضح حاليًا,0.29915082889082506,196
9532,Al-Jouf Healthy Water Bottling Company,2026-10-07,2.15,-4.017857142857156,474403.0,1019966.45,306488.4988333333,استثنائية,2026-10-07,0,14,2,12.0,2026-10-25,40,4 من 13 دورة,ضعيف,يحتاج مراقبة,40%,orange,531271.0,200288.2857142857,165.25315652152827,10,3,7,100,35,74.0,فرصة قوية,green,18.181818181818183,39.39366667804002,2026-10-08,3.0,1.0,63.63636363636363,121.2853729616767,78.18181818181819,فرصة تاريخية قوية,2026-10-25,14.0,12.0,50.0,133.58811645817613,70.0,فرصة تاريخية قوية,2026-10-19,10.0,8.0,33.33333333333333,308.4089144779045,60.0,فرصة جيدة,31,تحت المراقبة,yellow,,لا يوجد نمط واضح حاليًا,0.33462658323188765,197
9536,Arabian Food & Dairy Factories Co.,2026-10-07,35.0,8.359133126934994,1241.0,43435.0,23604.206333333335,مرتفعة,2026-10-07,0,14,1,4.0,2026-10-13,52,6 من 13 دورة,متوسط,متوقع متوسط المدى,52%,yellow,480.6666666666667,733.2857142857143,-34.45028897980389,10,3,7,10,100,46.0,تحتاج مراقبة,orange,9.090909090909092,371.4072600696171,2026-10-13,5.0,4.0,58.333333333333336,212.53782940792348,75.0,فرصة تاريخية قوية,2026-10-14,6.0,5.0,50.0,157.20795538284156,70.0,فرصة تاريخية قوية,2026-10-15,7.0,6.0,41.66666666666667,242.43880081845674,65.0,فرصة جيدة,65,فرصة جيدة,orange,,لا يوجد نمط واضح حاليًا,0.3767780334660678,196
9537,Amwaj International Co,2026-10-01,14.98,0.0,11.0,164.78,7385.581166666666,طبيعية,2026-09-27,3,13,11,4.0,2026-10-07,52,6 من 12 دورة,متوسط,متوقع متوسط المدى,52%,yellow,158.33333333333334,536.8571428571429,-70.50736207202412,10,3,7,10,100,46.0,تحتاج مراقبة,orange,54.54545454545454,190.72747407148236,2026-10-07,15.0,4.0,54.54545454545454,318.60828037387137,72.72727272727272,فرصة تاريخية قوية,2026-10-06,14.0,3.0,45.45454545454545,285.5986439394488,67.27272727272727,فرصة جيدة,2026-10-04,12.0,1.0,18.181818181818183,148.6961127417517,50.90909090909091,تحت المراقبة,65,فرصة جيدة,orange,,لا يوجد نمط واضح حاليًا,0.2205303919448466,191
9538,Naseej for Technology Co.,2026-10-07,20.0,0.0,558.0,11160.0,40266.27485000001,طبيعية,2026-09-29,6,14,1,11.0,2026-10-22,45,5 من 13 دورة,ضعيف,يحتاج مراقبة,45%,orange,612.6666666666666,674.0,-9.09990108803166,10,3,7,25,35,29.0,فرصة ضعيفة,red,45.45454545454545,93.51488568860927,2026-10-26,14.0,13.0,66.66666666666666,129.1806028498976,80.0,فرصة تاريخية قوية,2026-10-22,12.0,11.0,58.333333333333336,174.76279513663388,75.0,فرصة تاريخية قوية,2026-10-08,2.0,1.0,54.54545454545454,98.63942638903478,72.18304328288664,فرصة تاريخية قوية,36,تحت المراقبة,yellow,,لا يوجد نمط واضح حاليًا,0.2374280751507865,196
9539,Aqaseem Factory for Chemicals and Plastics Co.,2026-10-06,2.61,-2.9739776951672887,14601.0,38108.61,109087.90650000001,طبيعية,2026-09-22,8,14,1,2.0,2026-10-08,46,5 من 13 دورة,ضعيف,متوقع متوسط المدى,46%,yellow,6534.0,47192.71428571428,-86.1546425144317,10,3,7,10,85,40.0,تحتاج مراقبة,orange,36.36363636363637,69.80357958392874,2026-10-12,5.0,4.0,58.333333333333336,147.61855768000297,75.0,فرصة تاريخية قوية,2026-10-11,4.0,3.0,54.54545454545454,234.72398014151202,72.72727272727272,فرصة تاريخية قوية,2026-10-21,12.0,11.0,50.0,163.9606750352219,70.0,فرصة تاريخية قوية,62,فرصة جيدة,orange,,لا يوجد نمط واضح حاليًا,0.4316474521134479,196
9540,National Environmental Recycling Co.,2026-10-07,5.7,5.555555555555552,95885.0,546544.5,862537.6983333334,طبيعية,2026-09-21,11,14,2,1.0,2026-10-08,42,4 من 13 دورة,ضعيف,يحتاج مراقبة,42%,orange,164069.66666666666,99281.71428571429,65.25668180396715,10,3,7,100,75,90.0,فرصة قوية جدًا,fire,54.54545454545454,76.11495870807865,2026-10-22,13.0,11.0,50.0,110.74213586749653,70.0,فرصة تاريخية قوية,2026-10-08,3.0,1.0,45.45454545454545,163.9107832899311,67.27272727272727,فرصة جيدة,2026-10-11,4.0,2.0,45.45454545454545,103.83130441525596,67.27272727272727,فرصة جيدة,63,فرصة جيدة,orange,,لا يوجد نمط واضح حاليًا,0.25961170704819503,197
9541,Academy of Learning Co.,2026-10-07,6.85,-1.7216642754662856,4647.0,31831.949999999997,152359.60483333332,طبيعية,2026-10-01,4,14,3,10.0,2026-10-21,46,5 من 13 دورة,ضعيف,يحتاج مراقبة,46%,orange,8584.666666666666,19784.571428571428,-56.60928669766725,10,3,7,10,60,30.0,فرصة ضعيفة,red,36.36363636363637,112.28420762303881,2026-10-19,11.0,8.0,50.0,236.5202405801402,70.0,فرصة تاريخية قوية,2026-10-11,5.0,2.0,41.66666666666667,142.12267057379538,65.0,فرصة جيدة,2026-10-21,13.0,10.0,41.66666666666667,280.74645091878926,65.0,فرصة جيدة,39,تحت المراقبة,yellow,,لا يوجد نمط واضح حاليًا,0.2886835398295285,198
9542,KEIR International Co.,2026-10-07,1.04,0.0,1802.0,1874.0800000000002,83377.74416666667,طبيعية,2026-09-24,8,14,2,7.0,2026-10-18,22,4 من 13 دورة,غير واضح,لا يوجد نمط واضح,22%,red,8074.0,31851.0,-74.65071740290729,10,3,7,10,80,38.0,تحتاج مراقبة,orange,9.090909090909092,130.2781350070104,2026-10-19,10.0,8.0,33.33333333333333,98.7329633635432,59.49318534541729,فرصة جيدة,2026-10-14,7.0,5.0,41.66666666666667,86.02708059709084,59.41083223883635,فرصة جيدة,2026-10-25,14.0,12.0,25.0,130.5244390359699,55.0,فرصة جيدة,33,تحت المراقبة,yellow,,لا يوجد نمط واضح حاليًا,0.3154612030291274,197
9543,"Saudi Networkers Services Co., Ltd.",2026-10-07,47.98,3.138435081685283,128.0,6141.44,228579.51266666668,طبيعية,2026-10-05,1,13,15,7.0,2026-10-18,45,4 من 12 دورة,ضعيف,يحتاج مراقبة,45%,orange,7117.333333333333,1100.0,547.030303030303,10,3,7,100,80,92.0,فرصة قوية جدًا,fire,18.181818181818183,44.429295798947535,,,,,,,بيانات غير كافية,,,,,,,بيانات غير كافية,,,,,,,بيانات غير كافية,47,تحت المراقبة,yellow,,لا يوجد نمط واضح حاليًا,0.39000299151666723,195
9544,Future Care Trading Co.,2026-10-07,1.44,-0.6896551724137937,287545.0,414064.8,413238.95583333337,فوق المتوسط,2026-10-05,2,14,2,13.0,2026-10-26,42,6 من 13 دورة,ضعيف,يحتاج مراقبة,42%,orange,324801.0,262527.0,23.720988698305323,10,3,7,85,35,65.0,فرصة قوية,green,36.36363636363637,65.30828730947916,2026-10-26,15.0,13.0,66.66666666666666,131.82447375227525,80.0,فرصة تاريخية قوية,2026-10-20,11.0,9.0,58.333333333333336,86.13016239657023,69.45206495862809,فرصة جيدة,2026-10-14,7.0,5.0,33.33333333333333,135.32200251442634,60.0,فرصة جيدة,30,تحت المراقبة,yellow,9.0,متوقعة بعد 9 جلسة,0.5452707148821958,197
9545,International Human Resources Company,2026-10-07,4.0,-2.9126213592233037,12616.0,50464.0,401486.91716666665,طبيعية,2026-09-06,22,14,2,8.0,2026-10-19,49,5 من 13 دورة,ضعيف,يحتاج مراقبة,49%,orange,24487.666666666668,32780.28571428572,-25.297580136725617,10,3,7,10,60,30.0,فرصة ضعيفة,red,36.36363636363637,217.01441972808067,2026-10-25,14.0,12.0,50.0,254.87658303961948,70.0,فرصة تاريخية قوية,2026-10-26,15.0,13.0,50.0,162.48955139506788,70.0,فرصة تاريخية قوية,2026-10-19,10.0,8.0,41.66666666666667,293.13199815640576,65.0,فرصة جيدة,46,تحت المراقبة,yellow,,لا يوجد نمط واضح حاليًا,0.12380674907979565,197
9546,Naba Alsaha Medical Services Co.,2026-10-07,22.0,2.3255813953488373,15813.0,347886.0,72069.7395,استثنائية,2026-10-07,0,14,2,4.0,2026-10-13,43,5 من 13 دورة,ضعيف,يحتاج مراقبة,43%,orange,5366.0,854.1428571428571,528.2321458437866,10,3,7,100,100,100.0,فرصة قوية جدًا,fire,54.54545454545454,137.78805592413696,2026-10-15,8.0,6.0,50.0,182.32812971627786,70.0,فرصة تاريخية قوية,2026-10-12,5.0,3.0,41.66666666666667,181.4773880796559,65.0,فرصة جيدة,2026-10-13,6.0,4.0,41.66666666666667,179.18807910536208,65.0,فرصة جيدة,55,فرصة جيدة,orange,1.0,متوقعة خلال جلسة واحدة,0.7928203387761852,197
9547,Rawasi Al Bina Investment Co.,2026-10-01,2.5,-11.660777385159014,49469.0,123672.5,218636.58149999994,طبيعية,2026-08-27,15,13,11,5.0,2026-10-08,35,4 من 12 دورة,ضعيف,يحتاج مراقبة,35%,orange,17085.666666666668,4288.428571428572,298.4132271783426,10,3,7,100,100,100.0,فرصة قوية جدًا,fire,27.27272727272727,149.97321875598172,2026-10-06,14.0,3.0,36.36363636363637,180.20988358357496,61.81818181818182,فرصة جيدة,2026-10-05,13.0,2.0,27.27272727272727,179.48647394265512,56.36363636363636,فرصة جيدة,2026-10-07,15.0,4.0,27.27272727272727,272.6657913170265,56.36363636363636,فرصة جيدة,49,تحت المراقبة,yellow,,لا يوجد نمط واضح حاليًا,0.3241328053679327,191
9548,Arabian Plastic Industrial Co.,2026-10-07,31.24,-4.171779141104304,736.0,22992.64,349467.8790000221,طبيعية,2026-09-29,6,14,3,2.0,2026-10-11,46,5 من 13 دورة,ضعيف,متوقع متوسط المدى,46%,yellow,4913.666666666667,9826.57142857143,-49.996123242132605,10,3,7,10,85,40.0,تحتاج مراقبة,orange,27.27272727272727,256.6216565623066,2026-10-11,5.0,2.0,50.0,293.77526060599985,70.0,فرصة تاريخية قوية,2026-10-13,7.0,4.0,50.0,118.23315273741048,70.0,فرصة تاريخية قوية,2026-10-20,12.0,9.0,41.66666666666667,159.15145244780197,65.0,فرصة جيدة,62,فرصة جيدة,orange,,لا يوجد نمط واضح حاليًا,0.22544720272007016,198
9549,Abdulaziz and Mansour Ibrahim Albabtin Co.,2026-10-06,24.99,0.0,103.0,2573.97,17671.270333333334,طبيعية,2026-09-01,6,13,5,6.0,2026-10-14,52,4 من 12 دورة,متوسط,يحتاج مراقبة,52%,orange,251.66666666666666,426.2857142857143,-40.962913315460234,10,3,7,10,90,42.0,تحتاج مراقبة,orange,18.181818181818183,154.86346619251015,2026-10-14,11.0,6.0,45.45454545454545,161.4991506030133,67.27272727272727,فرصة جيدة,2026-10-11,8.0,3.0,45.45454545454545,97.91250102912346,66.43772768437665,فرصة جيدة,2026-10-08,7.0,2.0,36.36363636363637,169.91614527653047,61.81818181818182,فرصة جيدة,58,فرصة جيدة,orange,4.0,متوقعة خلال 5 جلسات,0.8848104709978297,185
9550,Sure Global Technology Company,2026-10-07,37.32,0.8648648648648656,1756.0,65533.92,76246.825,طبيعية,2026-10-04,3,14,3,6.0,2026-10-15,37,5 من 13 دورة,ضعيف,يحتاج مراقبة,37%,orange,1051.0,2594.0,-59.4834232845027,10,3,7,10,90,42.0,تحتاج مراقبة,orange,36.36363636363637,167.845110307785,2026-10-15,9.0,6.0,50.0,131.27155125996123,70.0,فرصة تاريخية قوية,2026-10-18,10.0,7.0,50.0,87.55601763658713,65.02240705463485,فرصة جيدة,2026-10-11,5.0,2.0,41.66666666666667,143.86684905623287,65.0,فرصة جيدة,48,تحت المراقبة,yellow,,لا يوجد نمط واضح حاليًا,0.4147283703388228,198
9551,Knowledge Tower Trading Co.,2026-10-07,9.12,0.0,289.0,2635.68,92117.36666666668,طبيعية,2026-09-21,11,14,3,2.0,2026-10-11,45,4 من 13 دورة,ضعيف,متوقع متوسط المدى,45%,yellow,1379.0,8269.857142857143,-83.3249840211439,10,3,7,10,85,40.0,تحتاج مراقبة,orange,54.54545454545454,83.79092578665269,2026-10-15,9.0,6.0,58.333333333333336,128.23244430579356,75.0,فرصة تاريخية قوية,2026-10-12,6.0,3.0,50.0,104.31535335936196,70.0,فرصة تاريخية قوية,2026-10-18,10.0,7.0,50.0,115.76430176809892,70.0,فرصة تاريخية قوية,61,فرصة جيدة,orange,,لا يوجد نمط واضح حاليًا,0.419364514790574,198
9552,Saudi Top for Trading Company,2026-10-06,9.84,3.036649214659677,16392.0,161297.28,791653.0500000002,طبيعية,2026-09-24,8,14,1,9.0,2026-10-19,46,5 من 13 دورة,ضعيف,يحتاج مراقبة,46%,orange,9967.0,21724.285714285714,-54.120470835799296,10,3,7,10,60,30.0,فرصة ضعيفة,red,18.181818181818183,236.37149999450187,2026-10-21,12.0,11.0,50.0,148.85036458449147,70.0,فرصة تاريخية قوية,2026-10-08,3.0,2.0,45.45454545454545,247.06436762053173,67.27272727272727,فرصة جيدة,2026-10-19,10.0,9.0,41.66666666666667,653.1482268751606,65.0,فرصة جيدة,42,تحت المراقبة,yellow,,لا يوجد نمط واضح حاليًا,0.17637910260793704,196
9553,Molan Steel Company,2026-10-07,0.77,2.6666666666666687,48301.0,37191.770000000004,42171.772,فوق المتوسط,2026-09-28,7,14,3,6.0,2026-10-15,49,6 من 13 دورة,ضعيف,يحتاج مراقبة,49%,orange,25260.666666666668,68745.85714285714,-63.25499787692834,10,3,7,10,90,42.0,تحتاج مراقبة,orange,18.181818181818183,76.1458304610183,2026-10-15,9.0,6.0,50.0,267.08188027641717,70.0,فرصة تاريخية قوية,2026-10-19,11.0,8.0,50.0,181.3053266249001,70.0,فرصة تاريخية قوية,2026-10-20,12.0,9.0,41.66666666666667,183.4341247196626,65.0,فرصة جيدة,52,فرصة جيدة,orange,,لا يوجد نمط واضح حاليًا,0.20422821019937326,198
9555,Leen Alkhair Trading Co,2026-10-05,11.5,-4.086738949124272,540.0,6210.0,18706.569666666666,طبيعية,2026-08-31,10,13,10,2.0,2026-10-07,44,4 من 12 دورة,ضعيف,يحتاج مراقبة,44%,orange,549.6666666666666,23.857142857142858,2203.9920159680637,10,3,7,100,85,94.0,فرصة قوية جدًا,fire,27.27272727272727,123.15847245663957,2026-10-07,12.0,2.0,45.45454545454545,279.49365733359593,67.27272727272727,فرصة جيدة,2026-10-12,15.0,5.0,45.45454545454545,121.27202327682339,67.27272727272727,فرصة جيدة,2026-10-08,13.0,3.0,27.27272727272727,135.17800413401795,56.36363636363636,فرصة جيدة,61,فرصة جيدة,orange,,لا يوجد نمط واضح حاليًا,0.18391051940803158,190
9557,Edarat Communication and Information Technology Co.,2026-10-07,298.0,-1.5852047556142705,1621.0,483058.0,994965.5399999998,طبيعية,2026-10-04,3,14,3,1.0,2026-10-08,42,4 من 13 دورة,ضعيف,يحتاج مراقبة,42%,orange,1074.6666666666667,5643.0,-80.95575639435289,10,3,7,10,75,36.0,تحتاج مراقبة,orange,36.36363636363637,152.39558087841536,2026-10-08,4.0,1.0,45.45454545454545,238.98802772787957,67.27272727272727,فرصة جيدة,2026-10-11,5.0,2.0,41.66666666666667,101.75352738903432,65.0,فرصة جيدة,2026-10-21,13.0,10.0,41.66666666666667,202.1458554297516,65.0,فرصة جيدة,63,فرصة جيدة,orange,,لا يوجد نمط واضح حاليًا,0.1687792541082419,198
9558,Alqemam for Computer Systems Co.,2026-10-07,40.52,9.513513513513521,233.0,9441.16,40975.00683333333,طبيعية,2026-09-15,6,13,8,9.0,2026-10-20,49,6 من 12 دورة,ضعيف,يحتاج مراقبة,49%,orange,206.33333333333334,437.0,-52.78413424866514,10,3,7,10,60,30.0,فرصة ضعيفة,red,18.181818181818183,707.2910707993095,2026-10-18,15.0,7.0,27.27272727272727,248.67287399037536,56.36363636363636,فرصة جيدة,2026-10-08,9.0,1.0,18.181818181818183,68.61203905380489,38.35390653061287,فرصة ضعيفة,2026-10-11,10.0,2.0,27.27272727272727,54.4396445016961,38.1394941643148,فرصة ضعيفة,44,تحت المراقبة,yellow,,لا يوجد نمط واضح حاليًا,0.21880899953787306,188
9559,Balady Poultry Trading Co.,2026-10-05,130.0,4.0,5470.0,711100.0,236316.56666666668,استثنائية,2026-10-05,0,13,13,2.0,2026-10-07,43,4 من 12 دورة,ضعيف,يحتاج مراقبة,43%,orange,2124.3333333333335,2411.0,-11.88994884556891,10,3,7,25,85,49.0,تحتاج مراقبة,orange,0.0,0.0,2026-10-07,15.0,2.0,54.54545454545454,151.37764318291485,72.72727272727272,فرصة تاريخية قوية,2026-10-06,14.0,1.0,9.090909090909092,4.05476566614007,7.076451721001483,فرصة ضعيفة,,,,,,,بيانات غير كافية,60,فرصة جيدة,orange,2.0,متوقعة خلال جلستين,0.5775429874967067,193
9560,WAJA company,2026-10-07,6.23,0.0,12.0,74.76,191309.92616666667,طبيعية,2026-09-27,7,13,15,2.0,2026-10-11,33,5 من 12 دورة,ضعيف,يحتاج مراقبة,33%,orange,5198.666666666667,17482.285714285714,-70.26323244209104,10,3,7,10,85,40.0,تحتاج مراقبة,orange,36.36363636363637,181.8328139665279,,,,,,,بيانات غير كافية,,,,,,,بيانات غير كافية,,,,,,,بيانات غير كافية,58,فرصة جيدة,orange,,لا يوجد نمط واضح حاليًا,0.4367514984743,195
9561,Knowledge Net Company,2026-10-07,8.67,0.0,12.0,104.03999999999999,49477.100449332655,طبيعية,2026-08-25,19,13,15,10.0,2026-10-21,48,5 من 12 دورة,ضعيف,يحتاج مراقبة,48%,orange,55.333333333333336,86.42857142857143,-35.97796143250689,10,3,7,10,60,30.0,فرصة ضعيفة,red,45.45454545454545,150.6011735272556,,,,,,,بيانات غير كافية,,,,,,,بيانات غير كافية,,,,,,,بيانات غير كافية,40,تحت المراقبة,yellow,,لا يوجد نمط واضح حاليًا,0.15973900131857444,195
9562,Food Gate Trading Company,2026-10-07,22.4,0.0,5.0,112.0,18299.208,طبيعية,2026-06-16,11,13,6,8.0,2026-10-19,46,5 من 12 دورة,ضعيف,يحتاج مراقبة,46%,orange,208.66666666666666,399.42857142857144,-47.758702908917506,10,3,7,10,60,30.0,فرصة ضعيفة,red,45.45454545454545,340.6945637462003,2026-10-19,14.0,8.0,54.54545454545454,266.80649982273286,72.72727272727272,فرصة تاريخية قوية,2026-10-12,9.0,3.0,36.36363636363637,110.85637430045504,61.81818181818182,فرصة جيدة,2026-10-08,7.0,1.0,18.181818181818183,135.9543160643028,50.90909090909091,تحت المراقبة,45,تحت المراقبة,yellow,,لا يوجد نمط واضح حاليًا,0.13780945026386265,186
9563,Bena Steel Industries Company,2026-10-07,34.0,0.0,40.0,1360.0,17004.911333333333,طبيعية,2026-09-14,8,13,10,14.0,2026-10-27,49,5 من 12 دورة,ضعيف,يحتاج مراقبة,49%,orange,54.333333333333336,263.0,-79.34093789607097,10,3,7,10,35,20.0,فرصة ضعيفة,red,36.36363636363637,147.342897095904,2026-10-11,12.0,2.0,27.27272727272727,218.47733750958295,56.36363636363636,فرصة جيدة,2026-10-12,13.0,3.0,27.27272727272727,177.64177310194592,56.36363636363636,فرصة جيدة,2026-10-08,11.0,1.0,18.181818181818183,107.55521759846054,50.90909090909091,تحت المراقبة,29,فرصة ضعيفة أو بعيدة,red,,لا يوجد نمط واضح حاليًا,0.27547727233630936,190
9564,Horizon Food Company,2026-10-07,35.02,-0.28473804100226174,312.0,10926.240000000002,408901.5629999999,طبيعية,2026-08-31,20,14,1,3.0,2026-10-12,45,4 من 13 دورة,ضعيف,متوقع متوسط المدى,45%,yellow,322.0,309.7142857142857,3.966789667896675,10,3,7,50,95,68.0,فرصة قوية,green,9.090909090909092,456.04750860917835,2026-10-12,4.0,3.0,36.36363636363637,253.37077619832561,61.81818181818182,فرصة جيدة,2026-10-18,8.0,7.0,33.33333333333333,243.67060640491815,60.0,فرصة جيدة,2026-10-13,5.0,4.0,25.0,654.642512181034,55.0,فرصة جيدة,58,فرصة جيدة,orange,,لا يوجد نمط واضح حاليًا,0.1079003032637674,196
9566,Saudi Lime Industries Company,2026-10-07,10.3,3.000000000000007,2043.0,21042.9,92554.95283333333,طبيعية,2026-09-01,16,13,13,4.0,2026-10-13,42,5 من 12 دورة,ضعيف,يحتاج مراقبة,42%,orange,1585.6666666666667,1571.4285714285713,0.9060606060606213,10,3,7,50,100,70.0,فرصة قوية,green,36.36363636363637,140.73591432704316,2026-10-08,14.0,1.0,36.36363636363637,170.23469914284644,61.81818181818182,فرصة جيدة,2026-10-11,15.0,2.0,9.090909090909092,100.23160254015689,45.45454545454545,تحت المراقبة,,,,,,,بيانات غير كافية,55,فرصة جيدة,orange,,لا يوجد نمط واضح حاليًا,0.2107727995239652,193
9567,Ghida Al-Sultan Co.,2026-10-07,15.0,-3.8461538461538445,1860.0,27900.0,74396.23366666665,فوق المتوسط,2026-09-15,11,13,14,11.0,2026-10-22,36,6 من 12 دورة,ضعيف,يحتاج مراقبة,36%,orange,1360.3333333333333,1196.0,13.740245261984384,10,3,7,70,35,56.0,فرصة متوسطة,yellow,63.63636363636363,163.30168165627606,2026-10-08,15.0,1.0,36.36363636363637,86.26763253270671,56.32523483126451,فرصة جيدة,,,,,,,بيانات غير كافية,,,,,,,بيانات غير كافية,34,تحت المراقبة,yellow,,لا يوجد نمط واضح حاليًا,0.1681463467186283,194
9569,Almuneef Co. for Trading Industry Agriculture & Contraracting,2026-10-07,2.4,-9.774436090225572,237576.0,570182.4,168702.39816666668,استثنائية,2026-10-07,0,14,3,9.0,2026-10-20,44,5 من 13 دورة,ضعيف,يحتاج مراقبة,44%,orange,199777.33333333334,38703.71428571428,416.17095935175416,10,3,7,100,60,84.0,فرصة قوية جدًا,fire,27.27272727272727,304.76473594685405,2026-10-20,12.0,9.0,41.66666666666667,372.76010299961524,65.0,فرصة جيدة,2026-10-21,13.0,10.0,41.66666666666667,180.66694806562356,65.0,فرصة جيدة,2026-10-12,6.0,3.0,33.33333333333333,235.35354796168653,60.0,فرصة جيدة,41,تحت المراقبة,yellow,,لا يوجد نمط واضح حاليًا,0.46615032158409736,198
9570,Tam Development Company,2026-10-07,49.3,-2.376237623762382,2404.0,118517.2,164427.58166666664,فوق المتوسط,2026-10-06,1,14,2,6.0,2026-10-15,45,4 من 13 دورة,ضعيف,يحتاج مراقبة,45%,orange,2126.6666666666665,4149.428571428572,-48.74796300121646,10,3,7,10,90,42.0,تحتاج مراقبة,orange,9.090909090909092,13.007526767730315,2026-10-20,11.0,9.0,50.0,131.23552295683498,70.0,فرصة تاريخية قوية,2026-10-15,8.0,6.0,41.66666666666667,232.9471532006847,65.0,فرصة جيدة,2026-10-22,13.0,11.0,41.66666666666667,133.48427720189218,65.0,فرصة جيدة,49,تحت المراقبة,yellow,,لا يوجد نمط واضح حاليًا,0.3266657863674913,197
9571,Munawla Cargo Company,2026-10-07,17.0,0.0,1.0,17.0,50789.45366666666,طبيعية,2026-09-17,12,14,2,1.0,2026-10-08,44,4 من 13 دورة,ضعيف,يحتاج مراقبة,44%,orange,115.66666666666667,662.0,-82.527693856999,10,3,7,10,75,36.0,تحتاج مراقبة,orange,9.090909090909092,50.378651280201936,2026-10-25,14.0,12.0,50.0,130.31298909855042,70.0,فرصة تاريخية قوية,2026-10-08,3.0,1.0,36.36363636363637,379.80817950575283,61.81818181818182,فرصة جيدة,2026-10-11,4.0,2.0,36.36363636363637,227.39203389177214,61.81818181818182,فرصة جيدة,63,فرصة جيدة,orange,,لا يوجد نمط واضح حاليًا,0.14226431172307133,197
9572,Al Razi Medical Company,2026-10-07,23.1,-0.8583690987124433,18252.0,421621.2,261217.87366666665,مرتفعة,2026-10-07,0,14,3,6.0,2026-10-15,33,5 من 13 دورة,ضعيف,يحتاج مراقبة,33%,orange,14166.0,12370.42857142857,14.515030083263092,10,3,7,70,90,78.0,فرصة قوية,green,27.27272727272727,63.397483731900444,2026-10-11,5.0,2.0,50.0,102.37392431615297,70.0,فرصة تاريخية قوية,2026-10-15,9.0,6.0,50.0,100.51381417748784,70.0,فرصة تاريخية قوية,2026-10-18,10.0,7.0,50.0,99.6590320456877,69.86361281827507,فرصة جيدة,46,تحت المراقبة,yellow,,لا يوجد نمط واضح حاليًا,0.26945865390212986,198
9574,Professional Medical Expertise Co.,2026-10-07,82.5,0.0,2110.0,174075.0,224257.4066666667,مرتفعة,2026-10-07,0,14,2,3.0,2026-10-12,30,3 من 13 دورة,ضعيف,يحتاج مراقبة,30%,orange,1117.3333333333333,583.8571428571429,91.37101378354129,10,3,7,100,95,98.0,فرصة قوية جدًا,fire,36.36363636363637,168.53717696940222,2026-10-18,9.0,7.0,41.66666666666667,275.42645023180387,65.0,فرصة جيدة,2026-10-20,11.0,9.0,41.66666666666667,134.50053268745472,65.0,فرصة جيدة,2026-10-22,13.0,11.0,33.33333333333333,303.13910836439675,60.0,فرصة جيدة,53,فرصة جيدة,orange,,لا يوجد نمط واضح حاليًا,0.1463407148390148,197
9575,Marble Design Company,2026-10-07,5.8,0.0,19.0,110.2,68682.642,طبيعية,2026-07-09,21,13,9,6.0,2026-10-15,42,4 من 12 دورة,ضعيف,يحتاج مراقبة,42%,orange,1484.0,3508.1428571428573,-57.69841593028464,10,3,7,10,90,42.0,تحتاج مراقبة,orange,27.27272727272727,215.86054562450002,2026-10-15,15.0,6.0,36.36363636363637,201.70084375862547,61.81818181818182,فرصة جيدة,2026-10-11,11.0,2.0,27.27272727272727,117.48475574634928,56.36363636363636,فرصة جيدة,2026-10-12,12.0,3.0,27.27272727272727,386.2734775039342,56.36363636363636,فرصة جيدة,49,تحت المراقبة,yellow,,لا يوجد نمط واضح حاليًا,0.02676980282775599,189
9576,Paper Home Company,2026-10-07,35.0,0.0,3115.0,109025.0,52131.66000000001,استثنائية,2026-10-07,0,13,15,3.0,2026-10-12,45,4 من 12 دورة,ضعيف,متوقع متوسط المدى,45%,yellow,1345.0,343.85714285714283,291.1508101371001,10,3,7,100,95,98.0,فرصة قوية جدًا,fire,27.27272727272727,154.95142377836174,,,,,,,بيانات غير كافية,,,,,,,بيانات غير كافية,,,,,,,بيانات غير كافية,58,فرصة جيدة,orange,,لا يوجد نمط واضح حاليًا,0.4355746992740787,195
9577,DAR ALMARKABAH For Renting Cars Company,2026-10-07,0.6,-3.2258064516129057,531704.0,319022.39999999997,379187.30583333335,طبيعية,2026-09-29,6,14,2,12.0,2026-10-25,37,5 من 13 دورة,ضعيف,يحتاج مراقبة,37%,orange,309486.6666666667,1231525.7142857143,-74.86965452067973,10,3,7,10,35,20.0,فرصة ضعيفة,red,36.36363636363637,103.27436851353555,2026-10-14,7.0,5.0,50.0,136.99464315458465,70.0,فرصة تاريخية قوية,2026-10-15,8.0,6.0,50.0,154.68612128469564,70.0,فرصة تاريخية قوية,2026-10-20,11.0,9.0,50.0,128.57443560823737,70.0,فرصة تاريخية قوية,31,تحت المراقبة,yellow,,لا يوجد نمط واضح حاليًا,0.17697376950770174,197
9578,Atlas Elevators General Trading and Contracting Company,2026-10-07,8.1,0.0,13.0,105.3,112191.433,طبيعية,2026-10-01,4,14,2,11.0,2026-10-22,49,6 من 13 دورة,ضعيف,يحتاج مراقبة,49%,orange,3109.0,33849.42857142857,-90.81520684037714,10,3,7,10,35,20.0,فرصة ضعيفة,red,27.27272727272727,83.44764446085419,2026-10-18,9.0,7.0,66.66666666666666,227.30163713667488,80.0,فرصة تاريخية قوية,2026-10-15,8.0,6.0,50.0,110.21419147908678,70.0,فرصة تاريخية قوية,2026-10-22,13.0,11.0,50.0,208.94128713256293,70.0,فرصة تاريخية قوية,38,تحت المراقبة,yellow,,لا يوجد نمط واضح حاليًا,0.3849299568487075,197
9579,Rimath Hospitality Company,2026-10-07,27.58,3.7622272385252074,4017.0,110788.85999999999,307526.3735,طبيعية,2026-10-05,2,14,2,3.0,2026-10-12,37,5 من 13 دورة,ضعيف,يحتاج مراقبة,37%,orange,6630.333333333333,5281.142857142857,25.547320204861855,10,3,7,85,95,89.0,فرصة قوية جدًا,fire,36.36363636363637,284.80164623425014,2026-10-12,5.0,3.0,58.333333333333336,112.18702251411446,75.0,فرصة تاريخية قوية,2026-10-19,10.0,8.0,50.0,139.34787912852917,70.0,فرصة تاريخية قوية,2026-10-08,3.0,1.0,45.45454545454545,124.16770739429315,67.27272727272727,فرصة جيدة,56,فرصة جيدة,orange,,لا يوجد نمط واضح حاليًا,0.16981356594791164,197
9580,Al Rashid Industrial Co,2026-10-07,29.16,-1.4864864864864908,3906.0,113898.96,118950.56633333332,طبيعية,2026-10-05,2,14,2,15.0,2026-10-28,35,5 من 13 دورة,ضعيف,يحتاج مراقبة,35%,orange,6621.0,3297.8571428571427,100.76673164392464,10,3,7,100,35,74.0,فرصة قوية,green,45.45454545454545,141.94341826312564,2026-10-20,11.0,9.0,50.0,134.84802839948418,70.0,فرصة تاريخية قوية,2026-10-25,14.0,12.0,41.66666666666667,134.80669069588436,65.0,فرصة جيدة,2026-10-08,3.0,1.0,36.36363636363637,214.21525742902045,61.81818181818182,فرصة جيدة,21,فرصة ضعيفة أو بعيدة,red,,لا يوجد نمط واضح حاليًا,0.32329210881018117,197
9581,Clean life company,2026-10-06,80.0,0.0,341.0,27280.0,31384.899999999998,طبيعية,2026-09-10,14,13,14,15.0,2026-10-27,44,5 من 12 دورة,ضعيف,يحتاج مراقبة,44%,orange,190.66666666666666,159.71428571428572,19.379844961240302,10,3,7,70,35,56.0,فرصة متوسطة,yellow,45.45454545454545,237.39819441590762,2026-10-07,15.0,1.0,45.45454545454545,388.28195778869843,67.27272727272727,فرصة جيدة,,,,,,,بيانات غير كافية,,,,,,,بيانات غير كافية,24,فرصة ضعيفة أو بعيدة,red,,لا يوجد نمط واضح حاليًا,0.10021711858111261,194
9583,United Mining Industries Company,2026-10-07,55.5,0.0,35949.0,1995169.5,405082.8158333333,استثنائية,2026-10-07,0,13,15,11.0,2026-10-22,33,5 من 12 دورة,ضعيف,يحتاج مراقبة,33%,orange,13502.666666666666,13127.0,2.8617861405246137,10,3,7,50,35,44.0,تحتاج مراقبة,orange,9.090909090909092,36.4548777653348,,,,,,,بيانات غير كافية,,,,,,,بيانات غير كافية,,,,,,,بيانات غير كافية,32,تحت المراقبة,yellow,,لا يوجد نمط واضح حاليًا,0.28447670329886715,195
9584,Riyal Investment and Development Company,2026-10-05,11.0,0.0,489.0,5379.0,24267.692166666668,طبيعية,2026-10-04,1,13,6,7.0,2026-10-14,44,4 من 12 دورة,ضعيف,يحتاج مراقبة,44%,orange,3663.3333333333335,1616.857142857143,126.57124344701654,10,3,7,100,80,92.0,فرصة قوية جدًا,fire,9.090909090909092,928.163054210353,2026-10-14,13.0,7.0,45.45454545454545,364.13266868421374,67.27272727272727,فرصة جيدة,2026-10-06,7.0,1.0,27.27272727272727,287.0105616401948,56.36363636363636,فرصة جيدة,2026-10-11,10.0,4.0,27.27272727272727,416.04341592303575,56.36363636363636,فرصة جيدة,46,تحت المراقبة,yellow,,لا يوجد نمط واضح حاليًا,0.14394699346277146,186
9585,Mulkia Investment Company,2026-10-07,39.98,-0.050000000000007816,8847.0,353703.06,48173.97833333273,استثنائية,2026-10-07,0,13,11,11.0,2026-10-22,37,7 من 12 دورة,ضعيف,يحتاج مراقبة,37%,orange,6771.333333333333,562.1428571428571,1104.557390936044,10,3,7,100,35,74.0,فرصة قوية,green,27.27272727272727,53.979819412818394,2026-10-12,14.0,3.0,54.54545454545454,131.54475213788444,72.72727272727272,فرصة تاريخية قوية,2026-10-13,15.0,4.0,27.27272727272727,178.68600544195547,56.36363636363636,فرصة جيدة,2026-10-11,13.0,2.0,36.36363636363637,54.451020460907195,43.5985900025447,تحت المراقبة,35,تحت المراقبة,yellow,,لا يوجد نمط واضح حاليًا,0.4487574388136346,191
9586,Osool & Bakheet Investment Company,2026-10-07,9.88,0.0,533.0,5266.04,29119.86183333333,طبيعية,2026-09-29,2,13,9,8.0,2026-10-19,46,5 من 12 دورة,ضعيف,يحتاج مراقبة,46%,orange,10009.333333333334,248.57142857142858,3926.743295019157,10,3,7,100,60,84.0,فرصة قوية جدًا,fire,36.36363636363637,375.677448551869,2026-10-08,10.0,1.0,36.36363636363637,281.6565620820386,61.81818181818182,فرصة جيدة,2026-10-13,13.0,4.0,27.27272727272727,157.28989621233404,56.36363636363636,فرصة جيدة,2026-10-12,12.0,3.0,18.181818181818183,176.859332164776,50.90909090909091,تحت المراقبة,45,تحت المراقبة,yellow,,لا يوجد نمط واضح حاليًا,0.05432298829722398,189
9587,Lana Medical Co.,2026-10-07,1.93,1.578947368421054,22357.0,43149.01,377611.6021666667,طبيعية,2026-10-05,2,14,3,5.0,2026-10-14,46,5 من 13 دورة,ضعيف,متوقع متوسط المدى,46%,yellow,69894.33333333333,97319.28571428571,-28.18038806970674,10,3,7,10,100,46.0,تحتاج مراقبة,orange,45.45454545454545,110.17283317087447,2026-10-14,8.0,5.0,50.0,221.9261034149733,70.0,فرصة تاريخية قوية,2026-10-15,9.0,6.0,50.0,193.43742039545725,70.0,فرصة تاريخية قوية,2026-10-22,14.0,11.0,50.0,192.22491868261076,70.0,فرصة تاريخية قوية,53,فرصة جيدة,orange,,لا يوجد نمط واضح حاليًا,0.3702925859876078,198
9588,Riyadh Steel Company,2026-10-07,1.68,25.373134328358198,1037804.0,1743510.72,115154.50766666666,استثنائية,2026-10-07,0,14,1,8.0,2026-10-19,41,6 من 13 دورة,ضعيف,يحتاج مراقبة,41%,orange,356009.6666666667,37561.71428571428,847.7993042561069,10,3,7,100,60,84.0,فرصة قوية جدًا,fire,63.63636363636363,123.49784960194678,2026-10-26,14.0,13.0,58.333333333333336,210.43066521555758,75.0,فرصة تاريخية قوية,2026-10-19,9.0,8.0,50.0,172.50096578758198,70.0,فرصة تاريخية قوية,2026-10-27,15.0,14.0,50.0,213.33832017683338,70.0,فرصة تاريخية قوية,44,تحت المراقبة,yellow,1.0,متوقعة خلال جلسة واحدة,0.6349919995959193,196
9589,Fad International Company,2026-10-07,63.0,0.0,4.0,252.0,48037.80583333333,طبيعية,2026-09-15,12,13,15,7.0,2026-10-18,44,6 من 12 دورة,ضعيف,يحتاج مراقبة,44%,orange,6.333333333333333,2.5714285714285716,146.29629629629628,10,3,7,100,80,92.0,فرصة قوية جدًا,fire,36.36363636363637,180.10241778473267,,,,,,,بيانات غير كافية,,,,,,,بيانات غير كافية,,,,,,,بيانات غير كافية,48,تحت المراقبة,yellow,,لا يوجد نمط واضح حاليًا,0.14670139952224923,195
9591,View United Real Estate Development Company,2026-10-07,2.19,0.0,1875.0,4106.25,40672.34,طبيعية,2026-09-02,20,14,1,4.0,2026-10-13,45,4 من 13 دورة,ضعيف,متوقع متوسط المدى,45%,yellow,628.3333333333334,1437.5714285714287,-56.29202689721422,10,3,7,10,100,46.0,تحتاج مراقبة,orange,36.36363636363637,160.40355600758028,2026-10-27,15.0,14.0,50.0,150.63889380908714,70.0,فرصة تاريخية قوية,2026-10-13,5.0,4.0,41.66666666666667,162.7779907679131,65.0,فرصة جيدة,2026-10-20,10.0,9.0,41.66666666666667,121.17304931683466,65.0,فرصة جيدة,55,فرصة جيدة,orange,,لا يوجد نمط واضح حاليًا,0.03418047129880303,196
9592,Almujtama Alraida Medical Co.,2026-10-06,22.0,0.0,100.0,2200.0,74147.27799999999,طبيعية,2026-06-11,28,13,6,9.0,2026-10-19,35,5 من 12 دورة,ضعيف,يحتاج مراقبة,35%,orange,34.333333333333336,521.5714285714286,-93.41732858577558,10,3,7,10,60,30.0,فرصة ضعيفة,red,54.54545454545454,182.6378177588548,2026-10-07,7.0,1.0,63.63636363636363,109.6786785922322,78.18181818181819,فرصة تاريخية قوية,2026-10-11,9.0,3.0,45.45454545454545,124.70411388562147,67.27272727272727,فرصة جيدة,2026-10-19,15.0,9.0,45.45454545454545,138.4222843061989,67.27272727272727,فرصة جيدة,39,تحت المراقبة,yellow,,لا يوجد نمط واضح حاليًا,0.024107115208136385,186
9593,Pan Gulf Marketing Co.,2026-09-30,22.0,0.9637448370812339,4797.0,105534.0,6884.797666666666,استثنائية,2026-09-30,0,13,3,6.0,2026-10-08,52,5 من 12 دورة,متوسط,يحتاج مراقبة,52%,orange,2192.6666666666665,806.7142857142857,171.80213682781417,10,3,7,100,90,96.0,فرصة قوية جدًا,fire,20.0,109.77376922565503,2026-10-08,9.0,6.0,45.45454545454545,244.38746048863777,67.27272727272727,فرصة جيدة,2026-10-12,11.0,8.0,45.45454545454545,213.67917047767293,67.27272727272727,فرصة جيدة,2026-10-07,8.0,5.0,36.36363636363637,136.84725326847652,61.81818181818182,فرصة جيدة,58,فرصة جيدة,orange,,لا يوجد نمط واضح حاليًا,0.4810944521723285,183
9594,Almodawat Specialized Medical Hospital Company,2026-10-07,4.48,3.2258064516129163,3834.0,17176.320000000003,202575.98899999997,طبيعية,2026-09-24,9,14,2,5.0,2026-10-14,47,5 من 13 دورة,ضعيف,متوقع متوسط المدى,47%,yellow,7170.333333333333,27640.0,-74.05812831644958,10,3,7,10,100,46.0,تحتاج مراقبة,orange,9.090909090909092,48.92551076171683,2026-10-15,8.0,6.0,66.66666666666666,95.19984798672078,78.07993919468831,فرصة تاريخية قوية,2026-10-14,7.0,5.0,50.0,207.27433737883646,70.0,فرصة تاريخية قوية,2026-10-18,9.0,7.0,41.66666666666667,133.98000990597794,65.0,فرصة جيدة,54,فرصة جيدة,orange,,لا يوجد نمط واضح حاليًا,0.3986426441670857,197
9595,WSM for Information Technology Co.,2026-10-07,14.73,9.925373134328359,5232.0,77067.36,43567.15883333333,مرتفعة,2026-10-07,0,13,14,11.0,2026-10-22,43,5 من 12 دورة,ضعيف,يحتاج مراقبة,43%,orange,3189.0,1803.4285714285713,76.82984790874525,10,3,7,100,35,74.0,فرصة قوية,green,18.181818181818183,104.00676160921316,2026-10-08,15.0,1.0,36.36363636363637,146.57364229761424,61.81818181818182,فرصة جيدة,,,,,,,بيانات غير كافية,,,,,,,بيانات غير كافية,35,تحت المراقبة,yellow,,لا يوجد نمط واضح حاليًا,0.2611256555430137,194
9597,Leaf Global Environmental Services Company,2026-10-07,12.1,-5.542544886807188,4264.0,51594.4,63904.679000000004,مرتفعة,2026-10-07,0,14,3,2.0,2026-10-11,24,4 من 13 دورة,غير واضح,لا يوجد نمط واضح,24%,red,6580.666666666667,1984.4285714285713,231.6151944904375,10,3,7,100,85,94.0,فرصة قوية جدًا,fire,36.36363636363637,199.11443617439355,2026-10-18,10.0,7.0,50.0,103.0554336574955,70.0,فرصة تاريخية قوية,2026-10-21,13.0,10.0,41.66666666666667,127.3076062863285,65.0,فرصة جيدة,2026-10-08,4.0,1.0,45.45454545454545,82.85956334189214,60.41655260948413,فرصة جيدة,47,تحت المراقبة,yellow,,لا يوجد نمط واضح حاليًا,0.42907467488077283,198
9598,Al Mohafaza Company for Education,2026-10-07,24.0,0.0,12500.0,300000.0,61433.577000000005,استثنائية,2026-10-07,0,13,10,13.0,2026-10-26,46,5 من 12 دورة,ضعيف,يحتاج مراقبة,46%,orange,6594.333333333333,2595.4285714285716,154.07493028034636,10,3,7,100,35,74.0,فرصة قوية,green,27.27272727272727,399.57093672700904,2026-10-11,12.0,2.0,36.36363636363637,232.3339089572518,61.81818181818182,فرصة جيدة,2026-10-14,15.0,5.0,36.36363636363637,246.29048341838126,61.81818181818182,فرصة جيدة,2026-10-08,11.0,1.0,18.181818181818183,457.67320425573644,50.90909090909091,تحت المراقبة,31,تحت المراقبة,yellow,,لا يوجد نمط واضح حاليًا,0.26896469628453745,190
9599,Taqat Mineral Trading Co,2026-10-07,6.8,9.677419354838705,10954.0,74487.2,100577.008,طبيعية,2026-10-06,1,14,1,10.0,2026-10-21,31,4 من 13 دورة,ضعيف,يحتاج مراقبة,31%,orange,20759.333333333332,10488.857142857143,97.91797190669462,10,3,7,100,60,84.0,فرصة قوية جدًا,fire,27.27272727272727,703.7916792306793,2026-10-22,12.0,11.0,58.333333333333336,325.3639299670212,75.0,فرصة تاريخية قوية,2026-10-21,11.0,10.0,50.0,90.73615606627942,66.29446242651177,فرصة جيدة,2026-10-18,8.0,7.0,41.66666666666667,124.58140328017726,65.0,فرصة جيدة,34,تحت المراقبة,yellow,,لا يوجد نمط واضح حاليًا,0.32479193963336866,196
9600,Qomel Company,2026-10-07,35.5,0.0,4652.0,165146.0,148979.76533333334,طبيعية,2026-09-22,7,13,15,5.0,2026-10-14,43,4 من 12 دورة,ضعيف,يحتاج مراقبة,43%,orange,1658.6666666666667,8269.57142857143,-79.94253171408664,10,3,7,10,100,46.0,تحتاج مراقبة,orange,36.36363636363637,136.50346222499675,,,,,,,بيانات غير كافية,,,,,,,بيانات غير كافية,,,,,,,بيانات غير كافية,52,فرصة جيدة,orange,,لا يوجد نمط واضح حاليًا,0.08081066943489663,195
9601,Mohammed Hadi Al Rasheed and Partners Co.,2026-10-07,58.4,1.388888888888884,208.0,12147.199999999999,132325.81666666668,طبيعية,2026-09-27,7,14,2,1.0,2026-10-08,40,4 من 13 دورة,ضعيف,يحتاج مراقبة,40%,orange,113.33333333333333,993.0,-88.58677408526351,10,3,7,10,75,36.0,تحتاج مراقبة,orange,36.36363636363637,193.67220211300292,2026-10-08,3.0,1.0,63.63636363636363,101.60112823382954,78.18181818181819,فرصة تاريخية قوية,2026-10-22,13.0,11.0,58.333333333333336,153.69064224956296,75.0,فرصة تاريخية قوية,2026-10-19,10.0,8.0,41.66666666666667,104.12193483688932,65.0,فرصة جيدة,62,فرصة جيدة,orange,,لا يوجد نمط واضح حاليًا,0.284790221045902,197
9602,Yaqeen Capital Company,2026-10-07,8.94,0.0,46.0,411.23999999999995,270311.7366666667,طبيعية,2026-10-06,1,14,3,14.0,2026-10-27,47,6 من 13 دورة,ضعيف,يحتاج مراقبة,47%,orange,42183.0,19180.285714285714,119.92894489878,10,3,7,100,35,74.0,فرصة قوية,green,27.27272727272727,354.6377750396941,2026-10-18,10.0,7.0,50.0,231.9621224689923,70.0,فرصة تاريخية قوية,2026-10-15,9.0,6.0,41.66666666666667,127.80802809109188,65.0,فرصة جيدة,2026-10-13,7.0,4.0,33.33333333333333,138.737498359269,60.0,فرصة جيدة,29,فرصة ضعيفة أو بعيدة,red,10.0,متوقعة بعد 10 جلسة,0.6051784480735206,198
9603,Horizon Educational Company,2026-10-07,83.8,0.0,5.0,419.0,51753.01416666667,طبيعية,2026-09-22,6,13,11,10.0,2026-10-21,50,6 من 12 دورة,متوسط,يحتاج مراقبة,50%,orange,229.66666666666666,856.0,-73.16978193146417,10,3,7,10,60,30.0,فرصة ضعيفة,red,27.27272727272727,49.23996770406895,2026-10-13,15.0,4.0,27.27272727272727,123.93700493156585,56.36363636363636,فرصة جيدة,2026-10-08,12.0,1.0,18.181818181818183,115.25880705850923,50.90909090909091,تحت المراقبة,2026-10-12,14.0,3.0,27.27272727272727,13.667115784146894,21.830482677295116,فرصة ضعيفة,47,تحت المراقبة,yellow,,لا يوجد نمط واضح حاليًا,0.20048156936764394,191
9604,Miral Dental Clinics Co.,2026-10-07,96.0,3.783783783783784,346.0,33216.0,110714.29583333334,طبيعية,2026-09-03,20,14,2,4.0,2026-10-13,47,5 من 13 دورة,ضعيف,متوقع متوسط المدى,47%,yellow,467.0,375.7142857142857,24.29657794676805,10,3,7,85,100,91.0,فرصة قوية جدًا,fire,9.090909090909092,110.61782775008693,2026-10-25,14.0,12.0,58.333333333333336,279.3847102120223,75.0,فرصة تاريخية قوية,2026-10-13,6.0,4.0,50.0,250.23596846665123,70.0,فرصة تاريخية قوية,2026-10-26,15.0,13.0,50.0,185.34192319830558,70.0,فرصة تاريخية قوية,56,فرصة جيدة,orange,,لا يوجد نمط واضح حاليًا,0.10034015078645299,197
9605,Neft Alsharq Co. for Chemical Industries,2026-10-07,2.25,7.655502392344504,132577.0,298298.25,110532.64433333333,استثنائية,2026-10-07,0,14,3,6.0,2026-10-15,50,6 من 13 دورة,متوسط,يحتاج مراقبة,50%,orange,55835.666666666664,37824.57142857143,47.617446960655464,10,3,7,100,90,96.0,فرصة قوية جدًا,fire,27.27272727272727,113.6292084125339,2026-10-12,6.0,3.0,58.333333333333336,121.78350110054554,75.0,فرصة تاريخية قوية,2026-10-15,9.0,6.0,58.333333333333336,207.92740167740251,75.0,فرصة تاريخية قوية,2026-10-14,8.0,5.0,50.0,261.66541675605276,70.0,فرصة تاريخية قوية,58,فرصة جيدة,orange,,لا يوجد نمط واضح حاليًا,0.36242785700387115,198
9606,Altharwah Albashariyyah Co.,2026-10-06,20.5,0.0,78.0,1599.0,51742.37933333333,طبيعية,2026-09-02,15,13,10,2.0,2026-10-08,44,4 من 12 دورة,ضعيف,يحتاج مراقبة,44%,orange,272.3333333333333,436.14285714285717,-37.5586854460094,10,3,7,10,85,40.0,تحتاج مراقبة,orange,27.27272727272727,397.8410565016729,2026-10-08,12.0,2.0,54.54545454545454,286.1527832383971,72.72727272727272,فرصة تاريخية قوية,2026-10-13,15.0,5.0,36.36363636363637,137.74745482961734,61.81818181818182,فرصة جيدة,2026-10-11,13.0,3.0,27.27272727272727,153.3134096950259,56.36363636363636,فرصة جيدة,61,فرصة جيدة,orange,,لا يوجد نمط واضح حاليًا,0.06766505368439711,190
9607,ASG Plastic Factory Company,2026-10-07,26.0,0.0,746.0,19396.0,234721.17299999998,طبيعية,2026-09-21,10,14,2,4.0,2026-10-13,52,5 من 13 دورة,متوسط,متوقع متوسط المدى,52%,yellow,2626.6666666666665,2926.5714285714284,-10.247648800807053,10,3,7,25,100,55.0,فرصة متوسطة,yellow,9.090909090909092,83.23108384458078,2026-10-21,12.0,10.0,58.333333333333336,124.54843717724965,75.0,فرصة تاريخية قوية,2026-10-12,5.0,3.0,50.0,206.39523412280607,70.0,فرصة تاريخية قوية,2026-10-13,6.0,4.0,50.0,287.2046888936595,70.0,فرصة تاريخية قوية,64,فرصة جيدة,orange,7.0,متوقعة بعد 7 جلسة,0.7837458051645361,197
9608,Al Ashghal Almoysra Company,2026-10-07,15.99,4.237288135593223,3542.0,56636.58,213122.5908333333,طبيعية,2026-10-04,2,14,1,4.0,2026-10-13,49,6 من 13 دورة,ضعيف,متوقع متوسط المدى,49%,yellow,14877.333333333334,896.5714285714286,1559.358402379435,10,3,7,100,100,100.0,فرصة قوية جدًا,fire,36.36363636363637,255.38692915152168,2026-10-13,5.0,4.0,58.333333333333336,221.37134506328613,75.0,فرصة تاريخية قوية,2026-10-26,14.0,13.0,58.333333333333336,126.39417247590252,75.0,فرصة تاريخية قوية,2026-10-27,15.0,14.0,58.333333333333336,123.77033284878576,75.0,فرصة تاريخية قوية,58,فرصة جيدة,orange,,لا يوجد نمط واضح حاليًا,0.3370104881689251,196
9609,Naas Petrol Factory Company,2026-10-07,29.92,0.0,10.0,299.20000000000005,16229.271,طبيعية,2026-10-04,1,13,6,2.0,2026-10-11,49,4 من 12 دورة,ضعيف,متوقع متوسط المدى,49%,yellow,337.0,602.4285714285714,-44.059758121887604,10,3,7,10,85,40.0,تحتاج مراقبة,orange,36.36363636363637,133.05632841761732,2026-10-19,14.0,8.0,45.45454545454545,141.3048618065807,67.27272727272727,فرصة جيدة,2026-10-11,8.0,2.0,36.36363636363637,296.4810817457076,61.81818181818182,فرصة جيدة,2026-10-14,11.0,5.0,36.36363636363637,209.1577917592378,61.81818181818182,فرصة جيدة,62,فرصة جيدة,orange,8.0,متوقعة بعد 8 جلسة,0.6071334056096119,186
9610,First Avenue Real Estate Development Company,2026-10-07,2.4,-5.8823529411764675,69909.0,167781.6,144752.1365,مرتفعة,2026-10-07,0,14,3,10.0,2026-10-21,39,5 من 13 دورة,ضعيف,يحتاج مراقبة,39%,orange,48647.0,34049.28571428572,42.87230695000943,10,3,7,100,60,84.0,فرصة قوية جدًا,fire,36.36363636363637,83.22838383151009,2026-10-21,13.0,10.0,50.0,131.98133246685862,70.0,فرصة تاريخية قوية,2026-10-13,7.0,4.0,41.66666666666667,101.15578533445981,65.0,فرصة جيدة,2026-10-14,8.0,5.0,41.66666666666667,102.04506849158001,65.0,فرصة جيدة,37,تحت المراقبة,yellow,,لا يوجد نمط واضح حاليًا,0.30434582385432674,198
9611,United Arab Float Glass Co.,2026-10-07,29.0,0.0,3.0,87.0,113317.94233333334,طبيعية,2026-09-29,4,13,13,2.0,2026-10-11,40,5 من 12 دورة,ضعيف,يحتاج مراقبة,40%,orange,762.3333333333334,1776.2857142857142,-57.0827301485175,10,3,7,10,85,40.0,تحتاج مراقبة,orange,27.27272727272727,89.0766244122563,2026-10-08,14.0,1.0,45.45454545454545,133.43393191495372,67.27272727272727,فرصة جيدة,2026-10-11,15.0,2.0,45.45454545454545,166.76938033369066,67.27272727272727,فرصة جيدة,,,,,,,بيانات غير كافية,60,فرصة جيدة,orange,,لا يوجد نمط واضح حاليًا,0.3643746928966263,193
9612,SAMA Healthy Water Factory company,2026-10-07,2.14,0.0,54.0,115.56,46786.97250000002,طبيعية,2026-09-22,10,14,1,2.0,2026-10-11,36,4 من 13 دورة,ضعيف,يحتاج مراقبة,36%,orange,4230.0,16582.14285714286,-74.49063105750594,10,3,7,10,85,40.0,تحتاج مراقبة,orange,27.27272727272727,33.51052327496436,2026-10-26,14.0,13.0,58.333333333333336,148.81641983313014,75.0,فرصة تاريخية قوية,2026-10-14,6.0,5.0,50.0,146.82938567517803,70.0,فرصة تاريخية قوية,2026-10-11,3.0,2.0,45.45454545454545,113.71670800664985,67.27272727272727,فرصة جيدة,58,فرصة جيدة,orange,,لا يوجد نمط واضح حاليًا,0.26914159063570087,196
9613,Shalfa Facilities Management Co.,2026-10-07,65.0,0.0,1685.0,109525.0,148219.9041666667,طبيعية,2026-09-14,14,14,1,12.0,2026-10-25,44,5 من 13 دورة,ضعيف,يحتاج مراقبة,44%,orange,934.0,1245.5714285714287,-25.014336506480106,10,3,7,10,35,20.0,فرصة ضعيفة,red,45.45454545454545,306.0202867451443,2026-10-08,2.0,1.0,54.54545454545454,113.29877169426567,72.72727272727272,فرصة تاريخية قوية,2026-10-18,8.0,7.0,50.0,181.86941924688927,70.0,فرصة تاريخية قوية,2026-10-21,11.0,10.0,50.0,219.59827355658913,70.0,فرصة تاريخية قوية,33,تحت المراقبة,yellow,,لا يوجد نمط واضح حاليًا,0.06225044588915231,196
9614,Purity For Information Technology Co.,2026-10-07,17.0,0.0,282.0,4794.0,157125.212,طبيعية,2026-10-04,3,14,2,7.0,2026-10-18,49,6 من 13 دورة,ضعيف,يحتاج مراقبة,49%,orange,3990.3333333333335,15420.42857142857,-74.12307112704543,10,3,7,10,80,38.0,تحتاج مراقبة,orange,45.45454545454545,90.52846723454374,2026-10-18,9.0,7.0,58.333333333333336,199.48093255307452,75.0,فرصة تاريخية قوية,2026-10-21,12.0,10.0,41.66666666666667,196.47935340272838,65.0,فرصة جيدة,2026-10-15,8.0,6.0,50.0,77.61201760401889,61.044807041607555,فرصة جيدة,49,تحت المراقبة,yellow,,لا يوجد نمط واضح حاليًا,0.15021075766776945,197
9615,Mufeed Company,2026-10-04,22.0,0.0,5.0,110.0,61630.8165,طبيعية,2026-09-29,3,13,13,10.0,2026-10-18,44,5 من 12 دورة,ضعيف,يحتاج مراقبة,44%,orange,42.333333333333336,881.1428571428571,-95.19563337656723,10,3,7,10,60,30.0,فرصة ضعيفة,red,54.54545454545454,101.96941771926113,2026-10-05,14.0,1.0,45.45454545454545,76.665946905053,57.93910603474848,فرصة جيدة,2026-10-06,15.0,2.0,27.27272727272727,304.24692163647916,56.36363636363636,فرصة جيدة,,,,,,,بيانات غير كافية,39,تحت المراقبة,yellow,,لا يوجد نمط واضح حاليًا,0.25132599920484333,193
9617,Arabica Star Company,2026-10-07,22.98,-7.263922518159808,581.0,13351.380000000001,54585.57600000001,طبيعية,2026-08-26,16,13,10,3.0,2026-10-12,43,5 من 12 دورة,ضعيف,يحتاج مراقبة,43%,orange,279.0,388.42857142857144,-28.172122103714603,10,3,7,10,95,44.0,تحتاج مراقبة,orange,36.36363636363637,64.67222551997429,2026-10-12,13.0,3.0,45.45454545454545,177.50390785442033,67.27272727272727,فرصة جيدة,2026-10-08,11.0,1.0,36.36363636363637,186.6365874831307,61.81818181818182,فرصة جيدة,2026-10-14,15.0,5.0,18.181818181818183,304.9319631456502,50.90909090909091,تحت المراقبة,58,فرصة جيدة,orange,,لا يوجد نمط واضح حاليًا,0.1802589234608662,190
9618,Al-Fakhera Men Tailoring Co.,2026-10-07,14.52,7.555555555555553,16175.0,234861.0,1286604.2843333334,طبيعية,2026-09-27,8,14,3,1.0,2026-10-08,42,3 من 13 دورة,ضعيف,يحتاج مراقبة,42%,orange,10162.333333333334,48242.142857142855,-78.93473894095757,10,3,7,10,75,36.0,تحتاج مراقبة,orange,27.27272727272727,444.29990693354375,2026-10-08,4.0,1.0,45.45454545454545,251.02938603418085,67.27272727272727,فرصة جيدة,2026-10-13,7.0,4.0,33.33333333333333,165.59131569383715,60.0,فرصة جيدة,2026-10-15,9.0,6.0,33.33333333333333,185.7035799786131,60.0,فرصة جيدة,62,فرصة جيدة,orange,,لا يوجد نمط واضح حاليًا,0.24623388551974779,198
9619,Multi Business Group for Projects Company,2026-10-07,1.6,-5.32544378698224,8752.0,14003.2,50546.41300000001,طبيعية,2026-10-01,3,14,2,13.0,2026-10-26,44,5 من 13 دورة,ضعيف,يحتاج مراقبة,44%,orange,11755.666666666666,6999.285714285715,67.95523352723065,10,3,7,100,35,74.0,فرصة قوية,green,27.27272727272727,211.6164121653943,2026-10-26,15.0,13.0,50.0,284.8286430852172,70.0,فرصة تاريخية قوية,2026-10-19,10.0,8.0,41.66666666666667,134.60286885085281,65.0,فرصة جيدة,2026-10-13,6.0,4.0,33.33333333333333,196.0931494416053,60.0,فرصة جيدة,30,تحت المراقبة,yellow,,لا يوجد نمط واضح حاليًا,0.2879610288900087,197
9620,Balsm Alofoq Medical Company,2026-10-07,22.0,0.0,5.0,110.0,25036.452666666664,طبيعية,2026-08-03,22,13,14,1.0,2026-10-08,30,4 من 12 دورة,ضعيف,يحتاج مراقبة,30%,orange,270.3333333333333,196.57142857142858,37.524224806201524,10,3,7,100,75,90.0,فرصة قوية جدًا,fire,36.36363636363637,77.43549585316407,2026-10-08,15.0,1.0,45.45454545454545,103.27851661723089,67.27272727272727,فرصة جيدة,,,,,,,بيانات غير كافية,,,,,,,بيانات غير كافية,59,فرصة جيدة,orange,,لا يوجد نمط واضح حاليًا,0.032671743584031666,194
9621,Digital Research Company,2026-10-06,18.0,0.0,224.0,4032.0,60573.59320041561,طبيعية,2026-08-05,27,13,13,5.0,2026-10-13,47,5 من 12 دورة,ضعيف,متوقع متوسط المدى,47%,yellow,183.0,109.28571428571429,67.45098039215685,10,3,7,100,100,100.0,فرصة قوية جدًا,fire,36.36363636363637,57.48230134395826,2026-10-08,15.0,2.0,27.27272727272727,29.799346290047467,28.283374879655348,فرصة ضعيفة,2026-10-07,14.0,1.0,9.090909090909092,16.587301242518638,12.08946595155291,فرصة ضعيفة,,,,,,,بيانات غير كافية,54,فرصة جيدة,orange,,لا يوجد نمط واضح حاليًا,0.023215932401168555,193
9622,Shmoh Almadi Co.,2026-10-07,8.51,0.0,320.0,2723.2,77893.18266666665,طبيعية,2026-09-24,7,13,12,5.0,2026-10-14,45,5 من 12 دورة,ضعيف,متوقع متوسط المدى,45%,yellow,505.0,960.8571428571429,-47.44275944097532,10,3,7,10,100,46.0,تحتاج مراقبة,orange,18.181818181818183,65.37942591989805,2026-10-11,14.0,2.0,36.36363636363637,162.2415395950453,61.81818181818182,فرصة جيدة,2026-10-12,15.0,3.0,27.27272727272727,274.9390398184091,56.36363636363636,فرصة جيدة,2026-10-08,13.0,1.0,18.181818181818183,25.084894250783698,20.94304860940439,فرصة ضعيفة,53,فرصة جيدة,orange,,لا يوجد نمط واضح حاليًا,0.13026103031921377,192
9623,Albattal Factory for Chemical Industries Co.,2026-10-07,18.7,0.0,25.0,467.5,39283.43266666667,طبيعية,2026-09-07,19,14,2,8.0,2026-10-19,48,6 من 13 دورة,ضعيف,يحتاج مراقبة,48%,orange,311.6666666666667,616.1428571428571,-49.41649277378468,10,3,7,10,60,30.0,فرصة ضعيفة,red,54.54545454545454,129.78857289730178,2026-10-14,7.0,5.0,50.0,109.52117967148358,70.0,فرصة تاريخية قوية,2026-10-19,10.0,8.0,50.0,195.8613097688956,70.0,فرصة تاريخية قوية,2026-10-13,6.0,4.0,41.66666666666667,195.45836783490327,65.0,فرصة جيدة,46,تحت المراقبة,yellow,,لا يوجد نمط واضح حاليًا,0.10306137513893188,197
9624,Alshehili Company for metal industries,2026-10-07,52.45,0.0,2.0,104.9,36738.978333333325,طبيعية,2026-08-30,14,13,8,14.0,2026-10-27,45,4 من 12 دورة,ضعيف,يحتاج مراقبة,45%,orange,57.333333333333336,366.85714285714283,-84.3717549325026,10,3,7,10,35,20.0,فرصة ضعيفة,red,45.45454545454545,153.3826943570234,2026-10-08,9.0,1.0,36.36363636363637,139.64981490813227,61.81818181818182,فرصة جيدة,2026-10-11,10.0,2.0,36.36363636363637,465.88871945423847,61.81818181818182,فرصة جيدة,2026-10-12,11.0,3.0,18.181818181818183,155.56843082060246,50.90909090909091,تحت المراقبة,27,فرصة ضعيفة أو بعيدة,red,,لا يوجد نمط واضح حاليًا,0.19393101908076585,188
9625,Itmam Consultancy Co.,2026-10-07,13.99,-3.450655624568668,345.0,4826.55,19593.429500000002,طبيعية,2026-09-27,7,14,2,2.0,2026-10-11,37,3 من 13 دورة,ضعيف,يحتاج مراقبة,37%,orange,306.6666666666667,564.1428571428571,-45.64024647590107,10,3,7,10,85,40.0,تحتاج مراقبة,orange,9.090909090909092,291.8424671562747,2026-10-11,4.0,2.0,36.36363636363637,126.10750347821808,61.81818181818182,فرصة جيدة,2026-10-13,6.0,4.0,25.0,881.9528361515469,55.0,فرصة جيدة,2026-10-19,10.0,8.0,25.0,318.89816132301377,55.0,فرصة جيدة,58,فرصة جيدة,orange,,لا يوجد نمط واضح حاليًا,0.32127439118929746,197
9626,Basma Adeem Medical Co.,2026-10-07,6.51,0.46296296296295303,111718.0,727284.1799999999,111088.17466666667,استثنائية,2026-10-07,0,13,13,4.0,2026-10-13,47,5 من 12 دورة,ضعيف,متوقع متوسط المدى,47%,yellow,40307.0,5756.714285714285,600.173710201752,10,3,7,100,100,100.0,فرصة قوية جدًا,fire,27.27272727272727,89.37431391520563,2026-10-08,14.0,1.0,36.36363636363637,125.31688043664356,61.81818181818182,فرصة جيدة,2026-10-11,15.0,2.0,27.27272727272727,431.14854372456875,56.36363636363636,فرصة جيدة,,,,,,,بيانات غير كافية,57,فرصة جيدة,orange,,لا يوجد نمط واضح حاليًا,0.41955132989716337,193
9627,Twareat Medical Care Co.,2026-10-07,8.99,0.0,492.0,4423.08,76177.75083333332,طبيعية,2026-09-20,10,13,14,4.0,2026-10-13,39,4 من 12 دورة,ضعيف,يحتاج مراقبة,39%,orange,566.0,1262.2857142857142,-55.16070620190131,10,3,7,10,100,46.0,تحتاج مراقبة,orange,27.27272727272727,23.06650333540699,2026-10-08,15.0,1.0,9.090909090909092,285.2245862884161,45.45454545454545,تحت المراقبة,,,,,,,بيانات غير كافية,,,,,,,بيانات غير كافية,53,فرصة جيدة,orange,,لا يوجد نمط واضح حاليًا,0.18241480362865978,194
9628,Lamasat Company Limited,2026-10-07,4.98,2.680412371134037,34553.0,172073.94,122119.56066666667,مرتفعة,2026-10-07,0,14,3,4.0,2026-10-13,46,5 من 13 دورة,ضعيف,متوقع متوسط المدى,46%,yellow,28899.333333333332,11218.0,157.61573661377545,10,3,7,100,100,100.0,فرصة قوية جدًا,fire,27.27272727272727,547.1936221715029,2026-10-13,7.0,4.0,50.0,176.97103883841768,70.0,فرصة تاريخية قوية,2026-10-25,15.0,12.0,50.0,384.391854855621,70.0,فرصة تاريخية قوية,2026-10-08,4.0,1.0,36.36363636363637,129.66378887782915,61.81818181818182,فرصة جيدة,56,فرصة جيدة,orange,,لا يوجد نمط واضح حاليًا,0.2237478536491616,198
9630,Ratio Specialty Company For Trading,2026-10-07,2.54,1.1952191235059861,7137.0,18127.98,78482.83050000001,طبيعية,2026-09-01,25,14,2,1.0,2026-10-08,47,4 من 13 دورة,ضعيف,متوقع متوسط المدى,47%,yellow,6554.666666666667,6104.0,7.383136740934915,10,3,7,60,75,66.0,فرصة قوية,green,27.27272727272727,252.70753806142162,2026-10-14,7.0,5.0,50.0,97.90980705755372,69.1639228230215,فرصة جيدة,2026-10-08,3.0,1.0,45.45454545454545,306.71728014719315,67.27272727272727,فرصة جيدة,2026-10-11,4.0,2.0,36.36363636363637,316.0530013478885,61.81818181818182,فرصة جيدة,64,فرصة جيدة,orange,,لا يوجد نمط واضح حاليًا,0.02693436002646413,197
9631,Hedab Alkhaleej Trading Co.,2026-10-07,30.48,0.0,61.0,1859.28,116861.32199999997,طبيعية,2026-09-24,8,14,2,3.0,2026-10-12,48,6 من 13 دورة,ضعيف,متوقع متوسط المدى,48%,yellow,660.3333333333334,2301.714285714286,-71.31123800066203,10,3,7,10,95,44.0,تحتاج مراقبة,orange,27.27272727272727,314.7659305480408,2026-10-12,5.0,3.0,58.333333333333336,264.13179946442193,75.0,فرصة تاريخية قوية,2026-10-13,6.0,4.0,50.0,427.0615387954767,70.0,فرصة تاريخية قوية,2026-10-14,7.0,5.0,33.33333333333333,156.8013355856674,60.0,فرصة جيدة,60,فرصة جيدة,orange,,لا يوجد نمط واضح حاليًا,0.2989383429223914,197
9632,Future Vision for Health Training Co.,2026-10-07,3.06,2.0000000000000018,9061.0,27726.66,176867.59583333333,طبيعية,2026-09-15,15,14,3,6.0,2026-10-15,48,5 من 13 دورة,ضعيف,يحتاج مراقبة,48%,orange,9683.333333333334,23071.714285714286,-58.02941552839387,10,3,7,10,90,42.0,تحتاج مراقبة,orange,27.27272727272727,104.72476232022517,2026-10-08,4.0,1.0,54.54545454545454,118.1466543079822,72.72727272727272,فرصة تاريخية قوية,2026-10-15,9.0,6.0,50.0,324.4226290336184,70.0,فرصة تاريخية قوية,2026-10-11,5.0,2.0,33.33333333333333,151.37091919350013,60.0,فرصة جيدة,51,فرصة جيدة,orange,,لا يوجد نمط واضح حاليًا,0.16036641292867876,198
9633,Service Equipment Co.,2026-10-07,19.0,0.0,599.0,11381.0,67579.62666666666,طبيعية,2026-10-05,2,14,3,8.0,2026-10-19,48,6 من 13 دورة,ضعيف,يحتاج مراقبة,48%,orange,1101.0,768.0,43.359375,10,3,7,100,60,84.0,فرصة قوية جدًا,fire,9.090909090909092,6.496490108487563,2026-10-19,11.0,8.0,50.0,258.69999329013706,70.0,فرصة تاريخية قوية,2026-10-22,14.0,11.0,50.0,185.97606610810772,70.0,فرصة تاريخية قوية,2026-10-15,9.0,6.0,41.66666666666667,113.13315084980768,65.0,فرصة جيدة,46,تحت المراقبة,yellow,,لا يوجد نمط واضح حاليًا,0.1944030837206553,198
9634,Adeer Real Estate Co.,2026-10-07,100.0,3.6269430051813467,719.0,71900.0,142812.72333333333,طبيعية,2026-09-29,6,14,3,6.0,2026-10-15,49,5 من 13 دورة,ضعيف,يحتاج مراقبة,49%,orange,732.0,1239.142857142857,-40.92690800092229,10,3,7,10,90,42.0,تحتاج مراقبة,orange,18.181818181818183,239.7640094086907,2026-10-15,9.0,6.0,66.66666666666666,196.23647741209297,80.0,فرصة تاريخية قوية,2026-10-19,11.0,8.0,58.333333333333336,130.2700444891777,75.0,فرصة تاريخية قوية,2026-10-20,12.0,9.0,41.66666666666667,158.12984133641467,65.0,فرصة جيدة,51,فرصة جيدة,orange,,لا يوجد نمط واضح حاليًا,0.24121031398585205,198
9635,Dkhoun National Trading Co.,2026-10-01,55.0,0.0,11.0,605.0,57259.120833333334,طبيعية,2026-08-18,14,13,8,12.0,2026-10-19,47,5 من 12 دورة,ضعيف,يحتاج مراقبة,47%,orange,266.0,83.85714285714286,217.206132879046,10,3,7,100,35,74.0,فرصة قوية,green,27.27272727272727,48.94030965774379,2026-10-04,9.0,1.0,36.36363636363637,159.86658851431397,61.81818181818182,فرصة جيدة,2026-10-06,11.0,3.0,36.36363636363637,161.2853261387682,61.81818181818182,فرصة جيدة,2026-10-07,12.0,4.0,36.36363636363637,253.19278456859826,61.81818181818182,فرصة جيدة,34,تحت المراقبة,yellow,,لا يوجد نمط واضح حاليًا,0.19673267963497792,188
9636,Al Kuzama Trading Company,2026-10-05,44.0,-4.3478260869565215,99.0,4356.0,63529.25233333334,طبيعية,2026-09-15,7,13,9,13.0,2026-10-22,43,4 من 12 دورة,ضعيف,يحتاج مراقبة,43%,orange,608.3333333333334,1356.7142857142858,-55.16127900038609,10,3,7,10,35,20.0,فرصة ضعيفة,red,45.45454545454545,651.1838851835107,2026-10-08,12.0,3.0,27.27272727272727,266.32768265807135,56.36363636363636,فرصة جيدة,2026-10-13,15.0,6.0,27.27272727272727,335.13920691616545,56.36363636363636,فرصة جيدة,2026-10-07,11.0,2.0,18.181818181818183,116.80369857607648,50.90909090909091,تحت المراقبة,29,فرصة ضعيفة أو بعيدة,red,,لا يوجد نمط واضح حاليًا,0.18148715992982092,189
9637,Axelerated Solutions for Information & Communication Tech,2026-10-07,22.52,0.0,2895.0,65195.4,85400.98116666666,فوق المتوسط,2026-10-04,3,14,3,12.0,2026-10-25,40,5 من 13 دورة,ضعيف,يحتاج مراقبة,40%,orange,2450.3333333333335,4235.571428571428,-42.148695290453865,10,3,7,10,35,20.0,فرصة ضعيفة,red,18.181818181818183,484.5752756821588,2026-10-11,5.0,2.0,41.66666666666667,519.8469397072033,65.0,فرصة جيدة,2026-10-25,15.0,12.0,41.66666666666667,173.40958856980131,65.0,فرصة جيدة,2026-10-12,6.0,3.0,33.33333333333333,167.1925960102859,60.0,فرصة جيدة,31,تحت المراقبة,yellow,,لا يوجد نمط واضح حاليًا,0.16227031782147333,198
9639,Anmat Technology for Trading Co.,2026-10-07,9.86,6.021505376344072,722.0,7118.919999999999,77330.89400000001,طبيعية,2026-09-06,19,13,15,2.0,2026-10-11,42,4 من 12 دورة,ضعيف,يحتاج مراقبة,42%,orange,1448.3333333333333,4297.142857142857,-66.29543439716312,10,3,7,10,85,40.0,تحتاج مراقبة,orange,27.27272727272727,575.526887651082,,,,,,,بيانات غير كافية,,,,,,,بيانات غير كافية,,,,,,,بيانات غير كافية,60,فرصة جيدة,orange,,لا يوجد نمط واضح حاليًا,0.2923261104562907,195
9640,ASAS Makeen Real Estate Development and Investment Company,2026-10-07,16.92,-5.999999999999991,15567.0,263393.64,67520.19349999503,استثنائية,2026-10-07,0,14,2,2.0,2026-10-11,43,4 من 13 دورة,ضعيف,يحتاج مراقبة,43%,orange,7681.0,1810.5714285714287,324.2307085371626,10,3,7,100,85,94.0,فرصة قوية جدًا,fire,9.090909090909092,85.28327959451458,2026-10-08,3.0,1.0,54.54545454545454,147.73112863226893,72.72727272727272,فرصة تاريخية قوية,2026-10-15,8.0,6.0,41.66666666666667,105.73916027967368,65.0,فرصة جيدة,2026-10-20,11.0,9.0,41.66666666666667,178.34675607574542,65.0,فرصة جيدة,60,فرصة جيدة,orange,,لا يوجد نمط واضح حاليًا,0.3442596872474923,197
9641,Hawyia Auctions Co.,2026-10-07,13.0,0.0,2.0,26.0,88360.5095,طبيعية,2026-10-01,2,13,15,6.0,2026-10-15,48,4 من 12 دورة,ضعيف,يحتاج مراقبة,48%,orange,33002.0,413.0,7890.799031476998,10,3,7,100,90,96.0,فرصة قوية جدًا,fire,9.090909090909092,573.524606902185,,,,,,,بيانات غير كافية,,,,,,,بيانات غير كافية,,,,,,,بيانات غير كافية,50,فرصة جيدة,orange,,لا يوجد نمط واضح حاليًا,0.34967735760081053,195
9642,Time Entertainment Co.,2026-10-07,19.8,4.265402843601908,1300.0,25740.0,73169.4065,طبيعية,2026-09-21,10,14,2,10.0,2026-10-21,47,5 من 13 دورة,ضعيف,يحتاج مراقبة,47%,orange,1665.0,601.7142857142857,176.70940170940176,10,3,7,100,60,84.0,فرصة قوية جدًا,fire,9.090909090909092,281.1984606926883,2026-10-19,10.0,8.0,50.0,364.3864988642174,70.0,فرصة تاريخية قوية,2026-10-20,11.0,9.0,41.66666666666667,198.13134456517804,65.0,فرصة جيدة,2026-10-21,12.0,10.0,41.66666666666667,214.01532112995886,65.0,فرصة جيدة,39,تحت المراقبة,yellow,,لا يوجد نمط واضح حاليًا,0.16909159453647668,197
9644,Naf Company for Feed for Industry,2026-10-07,6.61,10.166666666666673,6080.0,40188.8,70893.65533333333,طبيعية,2026-10-05,2,14,3,10.0,2026-10-21,40,6 من 13 دورة,ضعيف,يحتاج مراقبة,40%,orange,21142.333333333332,14990.714285714286,41.03619701084797,10,3,7,100,60,84.0,فرصة قوية جدًا,fire,27.27272727272727,75.69990428176847,2026-10-21,13.0,10.0,50.0,158.98264930058576,70.0,فرصة تاريخية قوية,2026-10-20,12.0,9.0,41.66666666666667,293.76336827019384,65.0,فرصة جيدة,2026-10-13,7.0,4.0,33.33333333333333,332.24857195381304,60.0,فرصة جيدة,38,تحت المراقبة,yellow,,لا يوجد نمط واضح حاليًا,0.4770895764467919,198
9645,National Signage Industria Co.,2026-10-07,11.82,5.535714285714295,38390.0,453769.8,104280.19866666666,استثنائية,2026-10-07,0,13,15,7.0,2026-10-18,43,4 من 12 دورة,ضعيف,يحتاج مراقبة,43%,orange,13892.333333333334,588.1428571428571,2262.067848757186,10,3,7,100,80,92.0,فرصة قوية جدًا,fire,45.45454545454545,195.5435971299027,,,,,,,بيانات غير كافية,,,,,,,بيانات غير كافية,,,,,,,بيانات غير كافية,46,تحت المراقبة,yellow,,لا يوجد نمط واضح حاليًا,0.2319236425918101,195
9647,Wajd Life Trading Co.,2026-10-07,5.5,0.0,11.0,60.5,14771.649833333333,طبيعية,2026-09-27,8,14,2,2.0,2026-10-11,41,3 من 13 دورة,ضعيف,يحتاج مراقبة,41%,orange,1198.0,2053.5714285714284,-41.66260869565217,10,3,7,10,85,40.0,تحتاج مراقبة,orange,27.27272727272727,119.82486623696934,2026-10-14,7.0,5.0,33.33333333333333,371.4872956838938,60.0,فرصة جيدة,2026-10-18,9.0,7.0,33.33333333333333,110.57363034008547,60.0,فرصة جيدة,2026-10-11,4.0,2.0,27.27272727272727,372.0226440261335,56.36363636363636,فرصة جيدة,59,فرصة جيدة,orange,,لا يوجد نمط واضح حاليًا,0.20583071811362752,197
9648,Hamad Mohammed Bin Saedan Real Estate Co.,2026-10-07,9.2,2.2222222222222143,8141.0,74897.2,148895.2223333333,طبيعية,2026-09-30,5,14,2,5.0,2026-10-14,52,5 من 13 دورة,متوسط,متوقع متوسط المدى,52%,yellow,5582.0,12205.0,-54.264645637034,10,3,7,10,100,46.0,تحتاج مراقبة,orange,36.36363636363637,229.94635360377669,2026-10-14,7.0,5.0,50.0,400.19177682791843,70.0,فرصة تاريخية قوية,2026-10-08,3.0,1.0,27.27272727272727,167.0560894825115,56.36363636363636,فرصة جيدة,2026-10-20,11.0,9.0,41.66666666666667,76.4442262892122,55.57769051568488,فرصة جيدة,61,فرصة جيدة,orange,,لا يوجد نمط واضح حاليًا,0.40771007184278746,197
9649,Jamjoom Fashion Trading Co.,2026-10-07,94.0,-1.0526315789473684,2269.0,213286.0,134893.74000000002,استثنائية,2026-10-07,0,14,2,3.0,2026-10-12,36,5 من 13 دورة,ضعيف,يحتاج مراقبة,36%,orange,1290.0,421.0,206.41330166270785,10,3,7,100,95,98.0,فرصة قوية جدًا,fire,36.36363636363637,88.70023269523463,2026-10-11,4.0,2.0,63.63636363636363,72.22258874584752,67.07085368015719,فرصة جيدة,2026-10-12,5.0,3.0,41.66666666666667,133.50290995600886,65.0,فرصة جيدة,2026-10-14,7.0,5.0,33.33333333333333,434.09449119626083,60.0,فرصة جيدة,56,فرصة جيدة,orange,,لا يوجد نمط واضح حاليًا,0.3009778333398836,197
9650,Sahat Almajd Trading Co.,2026-10-07,6.1,0.0,1.0,6.1,26652.736,طبيعية,2026-10-01,2,12,14,11.0,2026-10-22,47,4 من 11 دورة,ضعيف,يحتاج مراقبة,47%,orange,2022.0,2015.0,0.34739454094292466,10,3,7,50,35,44.0,تحتاج مراقبة,orange,10.0,115.34680587949846,2026-10-08,15.0,1.0,30.0,227.3273372503179,58.0,فرصة جيدة,,,,,,,بيانات غير كافية,,,,,,,بيانات غير كافية,36,تحت المراقبة,yellow,,لا يوجد نمط واضح حاليًا,0.45581673699997,179
9651,Abdulaziz Altwijri Trading Co.,2026-10-07,17.14,0.0,921.0,15785.94,18333.651166666663,فوق المتوسط,2026-08-11,18,11,9,10.0,2026-10-21,47,4 من 10 دورة,ضعيف,يحتاج مراقبة,47%,orange,340.6666666666667,115.14285714285714,195.8643507030604,10,3,7,100,60,84.0,فرصة قوية جدًا,fire,22.22222222222222,51.54432309618019,2026-10-13,13.0,4.0,33.33333333333333,544.013742872334,60.0,فرصة جيدة,2026-10-11,11.0,2.0,11.11111111111111,379.64974866223446,46.666666666666664,تحت المراقبة,2026-10-12,12.0,3.0,11.11111111111111,148.82557963327775,46.666666666666664,تحت المراقبة,39,تحت المراقبة,yellow,,لا يوجد نمط واضح حاليًا,0.025711202416408143,159
9653,Khaled Dhafer & Bros for Logistic Services Co.,2026-10-07,9.0,0.0,47.0,423.0,18910.0195,طبيعية,2026-10-06,1,7,11,10.0,2026-10-21,46,2 من 6 دورة,ضعيف,يحتاج مراقبة,46%,orange,3040.3333333333335,1434.5714285714287,111.93321383522536,10,3,7,100,60,84.0,فرصة قوية جدًا,fire,40.0,17.30741338453451,2026-10-08,12.0,1.0,20.0,1622.4757122584872,52.0,تحت المراقبة,2026-10-11,13.0,2.0,20.0,340.11756061719325,52.0,تحت المراقبة,2026-10-12,14.0,3.0,20.0,98.851701442375,51.54068057695,تحت المراقبة,38,تحت المراقبة,yellow,,لا يوجد نمط واضح حاليًا,0.3359029839190986,101
9655,MSGA Investment Company,2026-10-07,5.6,-7.590759075907591,2756.0,15433.599999999999,58932.902,مرتفعة,2026-10-07,0,4,5,,,0,0 من 3 دورة,غير واضح,لا يوجد نمط واضح,0%,red,2157.0,458.57142857142856,370.373831775701,10,3,7,100,0,60.0,فرصة متوسطة,yellow,0.0,0.0,2026-10-11,7.0,2.0,50.0,148.06337821842516,70.0,فرصة تاريخية قوية,2026-10-13,9.0,4.0,50.0,32.564532349983246,43.0258129399933,تحت المراقبة,2026-10-14,10.0,5.0,50.0,32.52306095458122,43.00922438183249,تحت المراقبة,0,فرصة ضعيفة أو بعيدة,red,3.0,متوقعة خلال 3 جلسات,0.5237259720237222,50
